filename,sample,group,round2plate,round1index,metadata
16S-A-A1-L0,ACE0043-A01-unpooled,eACE010-eAME004,A,0,XAA-002
16S-A-B1-L0,ACE0043-B01-unpooled,eACE010-eAME004,A,0,XAA-029
16S-A-C1-L0,ACE0043-C01-unpooled,eACE010-eAME004,A,0,XAA-036
16S-A-D1-L0,ACE0043-D01-unpooled,eACE010-eAME004,A,0,XAA-064
16S-A-E1-L0,ACE0043-E01-unpooled,eACE010-eAME004,A,0,XAC-002
16S-A-F1-L0,ACE0043-F01-unpooled,eACE010-eAME004,A,0,XAC-029
16S-A-G1-L0,ACE0043-G01-unpooled,eACE010-eAME004,A,0,XAC-036
16S-A-H1-L0,ACE0043-H01-unpooled,eACE010-eAME004,A,0,XAC-064
16S-A-A2-L0,ACE0043-A02-unpooled,eACE010-eAME004,A,0,XAD-002
16S-A-B2-L0,ACE0043-B02-unpooled,eACE010-eAME004,A,0,XAD-029
16S-A-C2-L0,ACE0043-C02-unpooled,eACE010-eAME004,A,0,XAD-036
16S-A-D2-L0,ACE0043-D02-unpooled,eACE010-eAME004,A,0,XAD-063
16S-A-E2-L0,ACE0043-E02-unpooled,eACE010-eAME004,A,0,XBA-022
16S-A-F2-L0,ACE0043-F02-unpooled,eACE010-eAME004,A,0,XBA-029
16S-A-G2-L0,ACE0043-G02-unpooled,eACE010-eAME004,A,0,XBA-036
16S-A-H2-L0,ACE0043-H02-unpooled,eACE010-eAME004,A,0,XBA-064
16S-A-A3-L0,ACE0043-A03-unpooled,eACE010-eAME004,A,0,XBB-022
16S-A-B3-L0,ACE0043-B03-unpooled,eACE010-eAME004,A,0,XBB-029
16S-A-C3-L0,ACE0043-C03-unpooled,eACE010-eAME004,A,0,XBB-036
16S-A-D3-L0,ACE0043-D03-unpooled,eACE010-eAME004,A,0,XBB-064
16S-A-E3-L0,ACE0043-E03-unpooled,eACE010-eAME004,A,0,XCA-001
16S-A-F3-L0,ACE0043-F03-unpooled,eACE010-eAME004,A,0,XCA-028
16S-A-G3-L0,ACE0043-G03-unpooled,eACE010-eAME004,A,0,XCA-036
16S-A-H3-L0,ACE0043-H03-unpooled,eACE010-eAME004,A,0,XCA-064
16S-A-A4-L0,ACE0043-A04-unpooled,eACE010-eAME004,A,0,XCB-001
16S-A-B4-L0,ACE0043-B04-unpooled,eACE010-eAME004,A,0,XCB-029
16S-A-C4-L0,ACE0043-C04-unpooled,eACE010-eAME004,A,0,XCB-036
16S-A-D4-L0,ACE0043-D04-unpooled,eACE010-eAME004,A,0,XCB-064
16S-A-E4-L0,ACE0043-E04-unpooled,eACE010-eAME004,A,0,XDA-001
16S-A-F4-L0,ACE0043-F04-unpooled,eACE010-eAME004,A,0,XDA-029
16S-A-G4-L0,ACE0043-G04-unpooled,eACE010-eAME004,A,0,XDA-036
16S-A-H4-L0,ACE0043-H04-unpooled,eACE010-eAME004,A,0,XDA-064
16S-A-A5-L0,ACE0043-A05-unpooled,eACE010-eAME004,A,0,XDB-001
16S-A-B5-L0,ACE0043-B05-unpooled,eACE010-eAME004,A,0,XDB-029
16S-A-C5-L0,ACE0043-C05-unpooled,eACE010-eAME004,A,0,XDB-036
16S-A-D5-L0,ACE0043-D05-unpooled,eACE010-eAME004,A,0,XDB-064
16S-A-E5-L0,ACE0043-E05-unpooled,eACE010-eAME004,A,0,XEA-001
16S-A-F5-L0,ACE0043-F05-unpooled,eACE010-eAME004,A,0,XEA-029
16S-A-G5-L0,ACE0043-G05-unpooled,eACE010-eAME004,A,0,XEA-036
16S-A-H5-L0,ACE0043-H05-unpooled,eACE010-eAME004,A,0,XEA-064
16S-A-A6-L0,ACE0043-A06-unpooled,eACE010-eAME004,A,0,XEB-001
16S-A-B6-L0,ACE0043-B06-unpooled,eACE010-eAME004,A,0,XEB-029
16S-A-C6-L0,ACE0043-C06-unpooled,eACE010-eAME004,A,0,XEB-036
16S-A-D6-L0,ACE0043-D06-unpooled,eACE010-eAME004,A,0,XEB-064
16S-A-E6-L0,ACE0043-E06-unpooled,eACE010-eAME004,A,0,XFA-001
16S-A-F6-L0,ACE0043-F06-unpooled,eACE010-eAME004,A,0,XFA-029
16S-A-G6-L0,ACE0043-G06-unpooled,eACE010-eAME004,A,0,XFA-036
16S-A-H6-L0,ACE0043-H06-unpooled,eACE010-eAME004,A,0,XFA-064
16S-A-A7-L0,ACE0043-A07-unpooled,eACE010-eAME004,A,0,XFB-001
16S-A-B7-L0,ACE0043-B07-unpooled,eACE010-eAME004,A,0,XFB-029
16S-A-C7-L0,ACE0043-C07-unpooled,eACE010-eAME004,A,0,XFB-036
16S-A-D7-L0,ACE0043-D07-unpooled,eACE010-eAME004,A,0,XFB-064
16S-A-E7-L0,ACE0043-E07-unpooled,eACE010-eAME004,A,0,XGA-001
16S-A-F7-L0,ACE0043-F07-unpooled,eACE010-eAME004,A,0,XGA-029
16S-A-G7-L0,ACE0043-G07-unpooled,eACE010-eAME004,A,0,XGA-036
16S-A-H7-L0,ACE0043-H07-unpooled,eACE010-eAME004,A,0,XGA-064
16S-A-A8-L0,ACE0043-A08-unpooled,eACE010-eAME004,A,0,XGB-001
16S-A-B8-L0,ACE0043-B08-unpooled,eACE010-eAME004,A,0,XGB-029
16S-A-C8-L0,ACE0043-C08-unpooled,eACE010-eAME004,A,0,XGB-036
16S-A-D8-L0,ACE0043-D08-unpooled,eACE010-eAME004,A,0,XGB-064
16S-A-E8-L0,ACE0043-E08-unpooled,eACE010-eAME004,A,0,XGC-001
16S-A-F8-L0,ACE0043-F08-unpooled,eACE010-eAME004,A,0,XGC-029
16S-A-G8-L0,ACE0043-G08-unpooled,eACE010-eAME004,A,0,XGC-037
16S-A-H8-L0,ACE0043-H08-unpooled,eACE010-eAME004,A,0,XGC-064
16S-A-A9-L0,ACE0043-A09-unpooled,eACE010-eAME004,A,0,XHA-003
16S-A-B9-L0,ACE0043-B09-unpooled,eACE010-eAME004,A,0,XHA-029
16S-A-C9-L0,ACE0043-C09-unpooled,eACE010-eAME004,A,0,XHA-036
16S-A-D9-L0,ACE0043-D09-unpooled,eACE010-eAME004,A,0,XHA-064
16S-A-E9-L0,ACE0043-E09-unpooled,eACE010-eAME004,A,0,XHB-001
16S-A-F9-L0,ACE0043-F09-unpooled,eACE010-eAME004,A,0,XHB-029
16S-A-G9-L0,ACE0043-G09-unpooled,eACE010-eAME004,A,0,XHB-036
16S-A-H9-L0,ACE0043-H09-unpooled,eACE010-eAME004,A,0,XHB-064
16S-A-A10-L0,ACE0043-A10-unpooled,eACE010-eAME004,A,0,XHC-001
16S-A-B10-L0,ACE0043-B10-unpooled,eACE010-eAME004,A,0,XHC-029
16S-A-C10-L0,ACE0043-C10-unpooled,eACE010-eAME004,A,0,XHC-036
16S-A-D10-L0,ACE0043-D10-unpooled,eACE010-eAME004,A,0,XHC-064
16S-A-E10-L0,ACE0043-E10-unpooled,eACE010-eAME004,A,0,XIA-002
16S-A-F10-L0,ACE0043-F10-unpooled,eACE010-eAME004,A,0,XIA-029
16S-A-G10-L0,ACE0043-G10-unpooled,eACE010-eAME004,A,0,XIA-036
16S-A-H10-L0,ACE0043-H10-unpooled,eACE010-eAME004,A,0,XIA-064
16S-A-A11-L0,ACE0043-A11-unpooled,eACE010-eAME004,A,0,XIB-002
16S-A-B11-L0,ACE0043-B11-unpooled,eACE010-eAME004,A,0,XIB-029
16S-A-C11-L0,ACE0043-C11-unpooled,eACE010-eAME004,A,0,XIB-036
16S-A-D11-L0,ACE0043-D11-unpooled,eACE010-eAME004,A,0,XIB-064
16S-A-E11-L0,ACE0043-E11-unpooled,eACE010-eAME004,A,0,XIC-008
16S-A-F11-L0,ACE0043-F11-unpooled,eACE010-eAME004,A,0,XIC-029
16S-A-G11-L0,ACE0043-G11-unpooled,eACE010-eAME004,A,0,XIC-036
16S-A-H11-L0,ACE0043-H11-unpooled,eACE010-eAME004,A,0,XIC-064
16S-A-A12-L0,ACE0043-A12-unpooled,eACE010-eAME004,A,0,XJA-001
16S-A-B12-L0,ACE0043-B12-unpooled,eACE010-eAME004,A,0,XJA-029
16S-A-C12-L0,ACE0043-C12-unpooled,eACE010-eAME004,A,0,XJA-036
16S-A-D12-L0,ACE0043-D12-unpooled,eACE010-eAME004,A,0,XJA-064
16S-A-E12-L0,ACE0043-E12-unpooled,eACE010-eAME004,A,0,XJB-001
16S-A-F12-L0,ACE0043-F12-unpooled,eACE010-eAME004,A,0,XJB-029
16S-A-G12-L0,ACE0043-G12-unpooled,eACE010-eAME004,A,0,XJB-036
16S-A-H12-L0,ACE0043-H12-unpooled,eACE010-eAME004,A,0,XJB-064
16S-A-A1-L1,ACE0049-A01-unpooled,eACE010-eAME004,A,1,XKA-001
16S-A-B1-L1,ACE0049-B01-unpooled,eACE010-eAME004,A,1,XKA-029
16S-A-C1-L1,ACE0049-C01-unpooled,eACE010-eAME004,A,1,XKA-036
16S-A-D1-L1,ACE0049-D01-unpooled,eACE010-eAME004,A,1,XKA-064
16S-A-E1-L1,ACE0049-E01-unpooled,eACE010-eAME004,A,1,XKB-001
16S-A-F1-L1,ACE0049-F01-unpooled,eACE010-eAME004,A,1,XKB-029
16S-A-G1-L1,ACE0049-G01-unpooled,eACE010-eAME004,A,1,XKB-036
16S-A-H1-L1,ACE0049-H01-unpooled,eACE010-eAME004,A,1,XKB-064
16S-A-A2-L1,ACE0049-A02-unpooled,eACE010-eAME004,A,1,XLA-001
16S-A-B2-L1,ACE0049-B02-unpooled,eACE010-eAME004,A,1,XLA-029
16S-A-C2-L1,ACE0049-C02-unpooled,eACE010-eAME004,A,1,XLA-036
16S-A-D2-L1,ACE0049-D02-unpooled,eACE010-eAME004,A,1,XLA-064
16S-A-E2-L1,ACE0049-E02-unpooled,eACE010-eAME004,A,1,XLB-001
16S-A-F2-L1,ACE0049-F02-unpooled,eACE010-eAME004,A,1,XLB-029
16S-A-G2-L1,ACE0049-G02-unpooled,eACE010-eAME004,A,1,XLB-036
16S-A-H2-L1,ACE0049-H02-unpooled,eACE010-eAME004,A,1,XLB-064
16S-A-A3-L1,ACE0049-A03-unpooled,eACE010-eAME004,A,1,XMA-001
16S-A-B3-L1,ACE0049-B03-unpooled,eACE010-eAME004,A,1,XMA-029
16S-A-C3-L1,ACE0049-C03-unpooled,eACE010-eAME004,A,1,XMA-036
16S-A-D3-L1,ACE0049-D03-unpooled,eACE010-eAME004,A,1,XMA-064
16S-A-E3-L1,ACE0049-E03-unpooled,eACE010-eAME004,A,1,XMB-001
16S-A-F3-L1,ACE0049-F03-unpooled,eACE010-eAME004,A,1,XMB-029
16S-A-G3-L1,ACE0049-G03-unpooled,eACE010-eAME004,A,1,XMB-036
16S-A-H3-L1,ACE0049-H03-unpooled,eACE010-eAME004,A,1,XMB-064
16S-A-A4-L1,ACE0049-A04-unpooled,eACE010-eAME004,A,1,XNA-001
16S-A-B4-L1,ACE0049-B04-unpooled,eACE010-eAME004,A,1,XNA-029
16S-A-C4-L1,ACE0049-C04-unpooled,eACE010-eAME004,A,1,XNA-036
16S-A-D4-L1,ACE0049-D04-unpooled,eACE010-eAME004,A,1,XNA-064
16S-A-E4-L1,ACE0049-E04-unpooled,eACE010-eAME004,A,1,XNB-001
16S-A-F4-L1,ACE0049-F04-unpooled,eACE010-eAME004,A,1,XNB-029
16S-A-G4-L1,ACE0049-G04-unpooled,eACE010-eAME004,A,1,XNB-036
16S-A-H4-L1,ACE0049-H04-unpooled,eACE010-eAME004,A,1,XNB-064
16S-A-A5-L1,ACE0049-A05-unpooled,eACE010-eAME004,A,1,XOA-001
16S-A-B5-L1,ACE0049-B05-unpooled,eACE010-eAME004,A,1,XOA-029
16S-A-C5-L1,ACE0049-C05-unpooled,eACE010-eAME004,A,1,XOA-036
16S-A-D5-L1,ACE0049-D05-unpooled,eACE010-eAME004,A,1,XOA-064
16S-A-E5-L1,ACE0049-E05-unpooled,eACE010-eAME004,A,1,XOB-001
16S-A-F5-L1,ACE0049-F05-unpooled,eACE010-eAME004,A,1,XOB-028
16S-A-G5-L1,ACE0049-G05-unpooled,eACE010-eAME004,A,1,XOB-037
16S-A-H5-L1,ACE0049-H05-unpooled,eACE010-eAME004,A,1,XOB-064
16S-A-A6-L1,ACE0049-A06-unpooled,eACE010-eAME004,A,1,XPA-002
16S-A-B6-L1,ACE0049-B06-unpooled,eACE010-eAME004,A,1,XPA-029
16S-A-C6-L1,ACE0049-C06-unpooled,eACE010-eAME004,A,1,XPA-036
16S-A-D6-L1,ACE0049-D06-unpooled,eACE010-eAME004,A,1,XPA-072
16S-A-E6-L1,ACE0049-E06-unpooled,eACE010-eAME004,A,1,XPB-001
16S-A-F6-L1,ACE0049-F06-unpooled,eACE010-eAME004,A,1,XPB-028
16S-A-G6-L1,ACE0049-G06-unpooled,eACE010-eAME004,A,1,XPB-036
16S-A-H6-L1,ACE0049-H06-unpooled,eACE010-eAME004,A,1,XPB-063
16S-A-A7-L1,ACE0049-A07-unpooled,eACE010-eAME004,A,1,XQA-001
16S-A-B7-L1,ACE0049-B07-unpooled,eACE010-eAME004,A,1,XQA-029
16S-A-C7-L1,ACE0049-C07-unpooled,eACE010-eAME004,A,1,XQA-036
16S-A-D7-L1,ACE0049-D07-unpooled,eACE010-eAME004,A,1,XQA-064
16S-A-E7-L1,ACE0049-E07-unpooled,eACE010-eAME004,A,1,XQB-001
16S-A-F7-L1,ACE0049-F07-unpooled,eACE010-eAME004,A,1,XQB-029
16S-A-G7-L1,ACE0049-G07-unpooled,eACE010-eAME004,A,1,XQB-036
16S-A-H7-L1,ACE0049-H07-unpooled,eACE010-eAME004,A,1,XQB-064
16S-A-A8-L1,ACE0049-A08-unpooled,eACE010-eAME004,A,1,XRA-001
16S-A-B8-L1,ACE0049-B08-unpooled,eACE010-eAME004,A,1,XRA-029
16S-A-C8-L1,ACE0049-C08-unpooled,eACE010-eAME004,A,1,XRA-036
16S-A-D8-L1,ACE0049-D08-unpooled,eACE010-eAME004,A,1,XRA-064
16S-A-E8-L1,ACE0049-E08-unpooled,eACE010-eAME004,A,1,XRB-002
16S-A-F8-L1,ACE0049-F08-unpooled,eACE010-eAME004,A,1,XRB-029
16S-A-G8-L1,ACE0049-G08-unpooled,eACE010-eAME004,A,1,XRB-036
16S-A-H8-L1,ACE0049-H08-unpooled,eACE010-eAME004,A,1,XRB-059
16S-A-A9-L1,ACE0049-A09-unpooled,eACE010-eAME004,A,1,XSA-001
16S-A-B9-L1,ACE0049-B09-unpooled,eACE010-eAME004,A,1,XSA-029
16S-A-C9-L1,ACE0049-C09-unpooled,eACE010-eAME004,A,1,XSA-036
16S-A-D9-L1,ACE0049-D09-unpooled,eACE010-eAME004,A,1,XSA-064
16S-A-E9-L1,ACE0049-E09-unpooled,eACE010-eAME004,A,1,XSB-001
16S-A-F9-L1,ACE0049-F09-unpooled,eACE010-eAME004,A,1,XSB-029
16S-A-G9-L1,ACE0049-G09-unpooled,eACE010-eAME004,A,1,XSB-036
16S-A-H9-L1,ACE0049-H09-unpooled,eACE010-eAME004,A,1,XSB-064
16S-A-A10-L1,ACE0049-A10-unpooled,eACE010-eAME004,A,1,XTA-001
16S-A-B10-L1,ACE0049-B10-unpooled,eACE010-eAME004,A,1,XTA-029
16S-A-C10-L1,ACE0049-C10-unpooled,eACE010-eAME004,A,1,XTA-036
16S-A-D10-L1,ACE0049-D10-unpooled,eACE010-eAME004,A,1,XTA-064
16S-A-E10-L1,ACE0049-E10-unpooled,eACE010-eAME004,A,1,XTB-001
16S-A-F10-L1,ACE0049-F10-unpooled,eACE010-eAME004,A,1,XTB-028
16S-A-G10-L1,ACE0049-G10-unpooled,eACE010-eAME004,A,1,XTB-037
16S-A-H10-L1,ACE0049-H10-unpooled,eACE010-eAME004,A,1,XTB-065
16S-A-A11-L1,ACE0049-A11-unpooled,eACE010-eAME004,A,1,XUA-001
16S-A-B11-L1,ACE0049-B11-unpooled,eACE010-eAME004,A,1,XUA-029
16S-A-C11-L1,ACE0049-C11-unpooled,eACE010-eAME004,A,1,XUA-036
16S-A-D11-L1,ACE0049-D11-unpooled,eACE010-eAME004,A,1,XUA-064
16S-A-E11-L1,ACE0049-E11-unpooled,eACE010-eAME004,A,1,XUB-001
16S-A-F11-L1,ACE0049-F11-unpooled,eACE010-eAME004,A,1,XUB-029
16S-A-G11-L1,ACE0049-G11-unpooled,eACE010-eAME004,A,1,XUB-036
16S-A-H11-L1,ACE0049-H11-unpooled,eACE010-eAME004,A,1,XUB-064
16S-A-A12-L1,ACE0049-A12-unpooled,eACE010-eAME004,A,1,XVA-001
16S-A-B12-L1,ACE0049-B12-unpooled,eACE010-eAME004,A,1,XVA-029
16S-A-C12-L1,ACE0049-C12-unpooled,eACE010-eAME004,A,1,XVA-036
16S-A-D12-L1,ACE0049-D12-unpooled,eACE010-eAME004,A,1,XVA-064
16S-A-E12-L1,ACE0049-E12-unpooled,eACE010-eAME004,A,1,XVB-001
16S-A-F12-L1,ACE0049-F12-unpooled,eACE010-eAME004,A,1,XVB-027
16S-A-G12-L1,ACE0049-G12-unpooled,eACE010-eAME004,A,1,XVB-036
16S-A-H12-L1,ACE0049-H12-unpooled,eACE010-eAME004,A,1,XVB-064
16S-A-A1-L2,AME0060-A01,eACE010-eAME004,A,2,XBB-029+XDA-029
16S-A-B1-L2,AME0060-B01,eACE010-eAME005,A,2,XBB-029+XEA-029
16S-A-C1-L2,AME0060-C01,eACE010-eAME006,A,2,XBB-029+XFA-029
16S-A-D1-L2,AME0060-D01,eACE010-eAME007,A,2,XBB-029+XTA-029
16S-A-E1-L2,AME0060-E01,eACE010-eAME008,A,2,XBB-029+XSA-029
16S-A-F1-L2,AME0060-F01,eACE010-eAME009,A,2,XBB-029+XVA-029
16S-A-G1-L2,AME0060-G01,eACE010-eAME010,A,2,XBB-029+XGA-029
16S-A-H1-L2,AME0060-H01,eACE010-eAME011,A,2,XBB-029+XLA-029
16S-A-A2-L2,AME0060-A02,eACE010-eAME012,A,2,XCB-029+XDA-029
16S-A-B2-L2,AME0060-B02,eACE010-eAME013,A,2,XCB-029+XEA-029
16S-A-C2-L2,AME0060-C02,eACE010-eAME014,A,2,XCB-029+XFA-029
16S-A-D2-L2,AME0060-D02,eACE010-eAME015,A,2,XCB-029+XTA-029
16S-A-E2-L2,AME0060-E02,eACE010-eAME016,A,2,XCB-029+XSA-029
16S-A-F2-L2,AME0060-F02,eACE010-eAME017,A,2,XCB-029+XJA-029
16S-A-G2-L2,AME0060-G02,eACE010-eAME018,A,2,XCB-029+XGA-029
16S-A-H2-L2,AME0060-H02,eACE010-eAME019,A,2,XCB-029+XLA-029
16S-A-A3-L2,AME0060-A03,eACE010-eAME020,A,2,XDB-029+XDA-029
16S-A-B3-L2,AME0060-B03,eACE010-eAME021,A,2,XDB-029+XEA-029
16S-A-C3-L2,AME0060-C03,eACE010-eAME022,A,2,XDB-029+XFA-029
16S-A-D3-L2,AME0060-D03,eACE010-eAME023,A,2,XDB-029+XCA-029
16S-A-E3-L2,AME0060-E03,eACE010-eAME024,A,2,XDB-029+XSA-029
16S-A-F3-L2,AME0060-F03,eACE010-eAME025,A,2,XDB-029+XJA-029
16S-A-G3-L2,AME0060-G03,eACE010-eAME026,A,2,XDB-029+XGA-029
16S-A-H3-L2,AME0060-H03,eACE010-eAME027,A,2,XDB-029+XLA-029
16S-A-A4-L2,AME0060-A04,eACE010-eAME028,A,2,XEB-029+XDA-029
16S-A-B4-L2,AME0060-B04,eACE010-eAME029,A,2,XEB-029+XEA-029
16S-A-C4-L2,AME0060-C04,eACE010-eAME030,A,2,XEB-029+XFA-029
16S-A-D4-L2,AME0060-D04,eACE010-eAME031,A,2,XEB-029+XCA-029
16S-A-E4-L2,AME0060-E04,eACE010-eAME032,A,2,XEB-029+XSA-029
16S-A-F4-L2,AME0060-F04,eACE010-eAME033,A,2,XEB-029+XJA-029
16S-A-G4-L2,AME0060-G04,eACE010-eAME034,A,2,XEB-029+XGA-029
16S-A-H4-L2,AME0060-H04,eACE010-eAME035,A,2,XEB-029+XLA-029
16S-A-A5-L2,AME0060-A05,eACE010-eAME036,A,2,XFB-029+XDA-029
16S-A-B5-L2,AME0060-B05,eACE010-eAME037,A,2,XFB-029+XEA-029
16S-A-C5-L2,AME0060-C05,eACE010-eAME038,A,2,XFB-029+XFA-029
16S-A-D5-L2,AME0060-D05,eACE010-eAME039,A,2,XFB-029+XCA-029
16S-A-E5-L2,AME0060-E05,eACE010-eAME040,A,2,XFB-029+XSA-029
16S-A-F5-L2,AME0060-F05,eACE010-eAME041,A,2,XFB-029+XJA-029
16S-A-G5-L2,AME0060-G05,eACE010-eAME042,A,2,XFB-029+XGA-029
16S-A-H5-L2,AME0060-H05,eACE010-eAME043,A,2,XFB-029+XLA-029
16S-A-A6-L2,AME0060-A06,eACE010-eAME044,A,2,XGB-029+XDA-029
16S-A-B6-L2,AME0060-B06,eACE010-eAME045,A,2,XGB-029+XEA-029
16S-A-C6-L2,AME0060-C06,eACE010-eAME046,A,2,XGB-029+XFA-029
16S-A-D6-L2,AME0060-D06,eACE010-eAME047,A,2,XGB-029+XCA-029
16S-A-E6-L2,AME0060-E06,eACE010-eAME048,A,2,XGB-029+XSA-029
16S-A-F6-L2,AME0060-F06,eACE010-eAME049,A,2,XGB-029+XJA-029
16S-A-G6-L2,AME0060-G06,eACE010-eAME050,A,2,XGB-029+XGA-029
16S-A-H6-L2,AME0060-H06,eACE010-eAME051,A,2,XGB-029+XLA-029
16S-A-A7-L2,AME0060-A07,eACE010-eAME052,A,2,XHB-029+XDA-029
16S-A-B7-L2,AME0060-B07,eACE010-eAME053,A,2,XHB-029+XEA-029
16S-A-C7-L2,AME0060-C07,eACE010-eAME054,A,2,XHB-029+XFA-029
16S-A-D7-L2,AME0060-D07,eACE010-eAME055,A,2,XHB-029+XCA-029
16S-A-E7-L2,AME0060-E07,eACE010-eAME056,A,2,XHB-029+XSA-029
16S-A-F7-L2,AME0060-F07,eACE010-eAME057,A,2,XHB-029+XJA-029
16S-A-G7-L2,AME0060-G07,eACE010-eAME058,A,2,XHB-029+XGA-029
16S-A-H7-L2,AME0060-H07,eACE010-eAME059,A,2,XHB-029+XLA-029
16S-A-A8-L2,AME0060-A08,eACE010-eAME060,A,2,XIB-029+XDA-029
16S-A-B8-L2,AME0060-B08,eACE010-eAME061,A,2,XIB-029+XEA-029
16S-A-C8-L2,AME0060-C08,eACE010-eAME062,A,2,XIB-029+XFA-029
16S-A-D8-L2,AME0060-D08,eACE010-eAME063,A,2,XIB-029+XCA-029
16S-A-E8-L2,AME0060-E08,eACE010-eAME064,A,2,XIB-029+XSA-029
16S-A-F8-L2,AME0060-F08,eACE010-eAME065,A,2,XIB-029+XJA-029
16S-A-G8-L2,AME0060-G08,eACE010-eAME066,A,2,XIB-029+XGA-029
16S-A-H8-L2,AME0060-H08,eACE010-eAME067,A,2,XIB-029+XLA-029
16S-A-A9-L2,AME0060-A09,eACE010-eAME068,A,2,XJB-029+XDA-029
16S-A-B9-L2,AME0060-B09,eACE010-eAME069,A,2,XJB-029+XEA-029
16S-A-C9-L2,AME0060-C09,eACE010-eAME070,A,2,XJB-029+XFA-029
16S-A-D9-L2,AME0060-D09,eACE010-eAME071,A,2,XJB-029+XCA-029
16S-A-E9-L2,AME0060-E09,eACE010-eAME072,A,2,XJB-029+XSA-029
16S-A-F9-L2,AME0060-F09,eACE010-eAME073,A,2,XJB-029+XJA-029
16S-A-G9-L2,AME0060-G09,eACE010-eAME074,A,2,XJB-029+XGA-029
16S-A-H9-L2,AME0060-H09,eACE010-eAME075,A,2,XJB-029+XLA-029
16S-A-A10-L2,AME0060-A10,eACE010-eAME076,A,2,XKB-029+XDA-029
16S-A-B10-L2,AME0060-B10,eACE010-eAME077,A,2,XKB-029+XEA-029
16S-A-C10-L2,AME0060-C10,eACE010-eAME078,A,2,XKB-029+XFA-029
16S-A-D10-L2,AME0060-D10,eACE010-eAME079,A,2,XKB-029+XCA-029
16S-A-E10-L2,AME0060-E10,eACE010-eAME080,A,2,XKB-029+XSA-029
16S-A-F10-L2,AME0060-F10,eACE010-eAME081,A,2,XKB-029+XJA-029
16S-A-G10-L2,AME0060-G10,eACE010-eAME082,A,2,XKB-029+XGA-029
16S-A-H10-L2,AME0060-H10,eACE010-eAME083,A,2,XKB-029+XLA-029
16S-A-A11-L2,AME0060-A11,eACE010-eAME084,A,2,blank+XDA-029
16S-A-B11-L2,AME0060-B11,eACE010-eAME085,A,2,blank+XEA-029
16S-A-C11-L2,AME0060-C11,eACE010-eAME086,A,2,blank+XFA-029
16S-A-D11-L2,AME0060-D11,eACE010-eAME087,A,2,blank+XCA-029
16S-A-E11-L2,AME0060-E11,eACE010-eAME088,A,2,blank+XSA-029
16S-A-F11-L2,AME0060-F11,eACE010-eAME089,A,2,blank+XJA-029
16S-A-G11-L2,AME0060-G11,eACE010-eAME090,A,2,blank+XGA-029
16S-A-H11-L2,AME0060-H11,eACE010-eAME091,A,2,blank+XLA-029
16S-A-A12-L2,AME0060-A12,eACE010-eAME092,A,2,B-mix+XDA-029
16S-A-B12-L2,AME0060-B12,eACE010-eAME093,A,2,B-mix+XEA-029
16S-A-C12-L2,AME0060-C12,eACE010-eAME094,A,2,B-mix+XFA-029
16S-A-D12-L2,AME0060-D12,eACE010-eAME095,A,2,B-mix+XCA-029
16S-A-E12-L2,AME0060-E12,eACE010-eAME096,A,2,B-mix+XSA-029
16S-A-F12-L2,AME0060-F12,eACE010-eAME097,A,2,B-mix+XJA-029
16S-A-G12-L2,AME0060-G12,eACE010-eAME098,A,2,B-mix+XGA-029
16S-A-H12-L2,AME0060-H12,eACE010-eAME099,A,2,B-mix+XLA-029
16S-A-A1-L3,AME0061-A01,eACE010-eAME100,A,3,XBB-029+XDA-029
16S-A-B1-L3,AME0061-B01,eACE010-eAME101,A,3,XBB-029+XEA-029
16S-A-C1-L3,AME0061-C01,eACE010-eAME102,A,3,XBB-029+XFA-029
16S-A-D1-L3,AME0061-D01,eACE010-eAME103,A,3,XBB-029+XTA-029
16S-A-E1-L3,AME0061-E01,eACE010-eAME104,A,3,XBB-029+XSA-029
16S-A-F1-L3,AME0061-F01,eACE010-eAME105,A,3,XBB-029+XVA-029
16S-A-G1-L3,AME0061-G01,eACE010-eAME106,A,3,XBB-029+XGA-029
16S-A-H1-L3,AME0061-H01,eACE010-eAME107,A,3,XBB-029+XLA-029
16S-A-A2-L3,AME0061-A02,eACE010-eAME108,A,3,XCB-029+XDA-029
16S-A-B2-L3,AME0061-B02,eACE010-eAME109,A,3,XCB-029+XEA-029
16S-A-C2-L3,AME0061-C02,eACE010-eAME110,A,3,XCB-029+XFA-029
16S-A-D2-L3,AME0061-D02,eACE010-eAME111,A,3,XCB-029+XTA-029
16S-A-E2-L3,AME0061-E02,eACE010-eAME112,A,3,XCB-029+XSA-029
16S-A-F2-L3,AME0061-F02,eACE010-eAME113,A,3,XCB-029+XJA-029
16S-A-G2-L3,AME0061-G02,eACE010-eAME114,A,3,XCB-029+XGA-029
16S-A-H2-L3,AME0061-H02,eACE010-eAME115,A,3,XCB-029+XLA-029
16S-A-A3-L3,AME0061-A03,eACE010-eAME116,A,3,XDB-029+XDA-029
16S-A-B3-L3,AME0061-B03,eACE010-eAME117,A,3,XDB-029+XEA-029
16S-A-C3-L3,AME0061-C03,eACE010-eAME118,A,3,XDB-029+XFA-029
16S-A-D3-L3,AME0061-D03,eACE010-eAME119,A,3,XDB-029+XCA-029
16S-A-E3-L3,AME0061-E03,eACE010-eAME120,A,3,XDB-029+XSA-029
16S-A-F3-L3,AME0061-F03,eACE010-eAME121,A,3,XDB-029+XJA-029
16S-A-G3-L3,AME0061-G03,eACE010-eAME122,A,3,XDB-029+XGA-029
16S-A-H3-L3,AME0061-H03,eACE010-eAME123,A,3,XDB-029+XLA-029
16S-A-A4-L3,AME0061-A04,eACE010-eAME124,A,3,XEB-029+XDA-029
16S-A-B4-L3,AME0061-B04,eACE010-eAME125,A,3,XEB-029+XEA-029
16S-A-C4-L3,AME0061-C04,eACE010-eAME126,A,3,XEB-029+XFA-029
16S-A-D4-L3,AME0061-D04,eACE010-eAME127,A,3,XEB-029+XCA-029
16S-A-E4-L3,AME0061-E04,eACE010-eAME128,A,3,XEB-029+XSA-029
16S-A-F4-L3,AME0061-F04,eACE010-eAME129,A,3,XEB-029+XJA-029
16S-A-G4-L3,AME0061-G04,eACE010-eAME130,A,3,XEB-029+XGA-029
16S-A-H4-L3,AME0061-H04,eACE010-eAME131,A,3,XEB-029+XLA-029
16S-A-A5-L3,AME0061-A05,eACE010-eAME132,A,3,XFB-029+XDA-029
16S-A-B5-L3,AME0061-B05,eACE010-eAME133,A,3,XFB-029+XEA-029
16S-A-C5-L3,AME0061-C05,eACE010-eAME134,A,3,XFB-029+XFA-029
16S-A-D5-L3,AME0061-D05,eACE010-eAME135,A,3,XFB-029+XCA-029
16S-A-E5-L3,AME0061-E05,eACE010-eAME136,A,3,XFB-029+XSA-029
16S-A-F5-L3,AME0061-F05,eACE010-eAME137,A,3,XFB-029+XJA-029
16S-A-G5-L3,AME0061-G05,eACE010-eAME138,A,3,XFB-029+XGA-029
16S-A-H5-L3,AME0061-H05,eACE010-eAME139,A,3,XFB-029+XLA-029
16S-A-A6-L3,AME0061-A06,eACE010-eAME140,A,3,XGB-029+XDA-029
16S-A-B6-L3,AME0061-B06,eACE010-eAME141,A,3,XGB-029+XEA-029
16S-A-C6-L3,AME0061-C06,eACE010-eAME142,A,3,XGB-029+XFA-029
16S-A-D6-L3,AME0061-D06,eACE010-eAME143,A,3,XGB-029+XCA-029
16S-A-E6-L3,AME0061-E06,eACE010-eAME144,A,3,XGB-029+XSA-029
16S-A-F6-L3,AME0061-F06,eACE010-eAME145,A,3,XGB-029+XJA-029
16S-A-G6-L3,AME0061-G06,eACE010-eAME146,A,3,XGB-029+XGA-029
16S-A-H6-L3,AME0061-H06,eACE010-eAME147,A,3,XGB-029+XLA-029
16S-A-A7-L3,AME0061-A07,eACE010-eAME148,A,3,XHB-029+XDA-029
16S-A-B7-L3,AME0061-B07,eACE010-eAME149,A,3,XHB-029+XEA-029
16S-A-C7-L3,AME0061-C07,eACE010-eAME150,A,3,XHB-029+XFA-029
16S-A-D7-L3,AME0061-D07,eACE010-eAME151,A,3,XHB-029+XCA-029
16S-A-E7-L3,AME0061-E07,eACE010-eAME152,A,3,XHB-029+XSA-029
16S-A-F7-L3,AME0061-F07,eACE010-eAME153,A,3,XHB-029+XJA-029
16S-A-G7-L3,AME0061-G07,eACE010-eAME154,A,3,XHB-029+XGA-029
16S-A-H7-L3,AME0061-H07,eACE010-eAME155,A,3,XHB-029+XLA-029
16S-A-A8-L3,AME0061-A08,eACE010-eAME156,A,3,XIB-029+XDA-029
16S-A-B8-L3,AME0061-B08,eACE010-eAME157,A,3,XIB-029+XEA-029
16S-A-C8-L3,AME0061-C08,eACE010-eAME158,A,3,XIB-029+XFA-029
16S-A-D8-L3,AME0061-D08,eACE010-eAME159,A,3,XIB-029+XCA-029
16S-A-E8-L3,AME0061-E08,eACE010-eAME160,A,3,XIB-029+XSA-029
16S-A-F8-L3,AME0061-F08,eACE010-eAME161,A,3,XIB-029+XJA-029
16S-A-G8-L3,AME0061-G08,eACE010-eAME162,A,3,XIB-029+XGA-029
16S-A-H8-L3,AME0061-H08,eACE010-eAME163,A,3,XIB-029+XLA-029
16S-A-A9-L3,AME0061-A09,eACE010-eAME164,A,3,XJB-029+XDA-029
16S-A-B9-L3,AME0061-B09,eACE010-eAME165,A,3,XJB-029+XEA-029
16S-A-C9-L3,AME0061-C09,eACE010-eAME166,A,3,XJB-029+XFA-029
16S-A-D9-L3,AME0061-D09,eACE010-eAME167,A,3,XJB-029+XCA-029
16S-A-E9-L3,AME0061-E09,eACE010-eAME168,A,3,XJB-029+XSA-029
16S-A-F9-L3,AME0061-F09,eACE010-eAME169,A,3,XJB-029+XJA-029
16S-A-G9-L3,AME0061-G09,eACE010-eAME170,A,3,XJB-029+XGA-029
16S-A-H9-L3,AME0061-H09,eACE010-eAME171,A,3,XJB-029+XLA-029
16S-A-A10-L3,AME0061-A10,eACE010-eAME172,A,3,XKB-029+XDA-029
16S-A-B10-L3,AME0061-B10,eACE010-eAME173,A,3,XKB-029+XEA-029
16S-A-C10-L3,AME0061-C10,eACE010-eAME174,A,3,XKB-029+XFA-029
16S-A-D10-L3,AME0061-D10,eACE010-eAME175,A,3,XKB-029+XCA-029
16S-A-E10-L3,AME0061-E10,eACE010-eAME176,A,3,XKB-029+XSA-029
16S-A-F10-L3,AME0061-F10,eACE010-eAME177,A,3,XKB-029+XJA-029
16S-A-G10-L3,AME0061-G10,eACE010-eAME178,A,3,XKB-029+XGA-029
16S-A-H10-L3,AME0061-H10,eACE010-eAME179,A,3,XKB-029+XLA-029
16S-A-A11-L3,AME0061-A11,eACE010-eAME180,A,3,blank+XDA-029
16S-A-B11-L3,AME0061-B11,eACE010-eAME181,A,3,blank+XEA-029
16S-A-C11-L3,AME0061-C11,eACE010-eAME182,A,3,blank+XFA-029
16S-A-D11-L3,AME0061-D11,eACE010-eAME183,A,3,blank+XCA-029
16S-A-E11-L3,AME0061-E11,eACE010-eAME184,A,3,blank+XSA-029
16S-A-F11-L3,AME0061-F11,eACE010-eAME185,A,3,blank+XJA-029
16S-A-G11-L3,AME0061-G11,eACE010-eAME186,A,3,blank+XGA-029
16S-A-H11-L3,AME0061-H11,eACE010-eAME187,A,3,blank+XLA-029
16S-A-A12-L3,AME0061-A12,eACE010-eAME188,A,3,B-mix+XDA-029
16S-A-B12-L3,AME0061-B12,eACE010-eAME189,A,3,B-mix+XEA-029
16S-A-C12-L3,AME0061-C12,eACE010-eAME190,A,3,B-mix+XFA-029
16S-A-D12-L3,AME0061-D12,eACE010-eAME191,A,3,B-mix+XCA-029
16S-A-E12-L3,AME0061-E12,eACE010-eAME192,A,3,B-mix+XSA-029
16S-A-F12-L3,AME0061-F12,eACE010-eAME193,A,3,B-mix+XJA-029
16S-A-G12-L3,AME0061-G12,eACE010-eAME194,A,3,B-mix+XGA-029
16S-A-H12-L3,AME0061-H12,eACE010-eAME195,A,3,B-mix+XLA-029
16S-A-A1-L4,AME0062-A01,eACE010-eAME196,A,4,XBB-029+XDA-036
16S-A-B1-L4,AME0062-B01,eACE010-eAME197,A,4,XBB-029+XEA-036
16S-A-C1-L4,AME0062-C01,eACE010-eAME198,A,4,XBB-029+XFA-036
16S-A-D1-L4,AME0062-D01,eACE010-eAME199,A,4,XBB-029+XTA-036
16S-A-E1-L4,AME0062-E01,eACE010-eAME200,A,4,XBB-029+XSA-036
16S-A-F1-L4,AME0062-F01,eACE010-eAME201,A,4,XBB-029+XVA-036
16S-A-G1-L4,AME0062-G01,eACE010-eAME202,A,4,XBB-029+XGA-036
16S-A-H1-L4,AME0062-H01,eACE010-eAME203,A,4,XBB-029+XLA-036
16S-A-A2-L4,AME0062-A02,eACE010-eAME204,A,4,XCB-029+XDA-036
16S-A-B2-L4,AME0062-B02,eACE010-eAME205,A,4,XCB-029+XEA-036
16S-A-C2-L4,AME0062-C02,eACE010-eAME206,A,4,XCB-029+XFA-036
16S-A-D2-L4,AME0062-D02,eACE010-eAME207,A,4,XCB-029+XTA-036
16S-A-E2-L4,AME0062-E02,eACE010-eAME208,A,4,XCB-029+XSA-036
16S-A-F2-L4,AME0062-F02,eACE010-eAME209,A,4,XCB-029+XJA-036
16S-A-G2-L4,AME0062-G02,eACE010-eAME210,A,4,XCB-029+XGA-036
16S-A-H2-L4,AME0062-H02,eACE010-eAME211,A,4,XCB-029+XLA-036
16S-A-A3-L4,AME0062-A03,eACE010-eAME212,A,4,XDB-029+XDA-036
16S-A-B3-L4,AME0062-B03,eACE010-eAME213,A,4,XDB-029+XEA-036
16S-A-C3-L4,AME0062-C03,eACE010-eAME214,A,4,XDB-029+XFA-036
16S-A-D3-L4,AME0062-D03,eACE010-eAME215,A,4,XDB-029+XCA-036
16S-A-E3-L4,AME0062-E03,eACE010-eAME216,A,4,XDB-029+XSA-036
16S-A-F3-L4,AME0062-F03,eACE010-eAME217,A,4,XDB-029+XJA-036
16S-A-G3-L4,AME0062-G03,eACE010-eAME218,A,4,XDB-029+XGA-036
16S-A-H3-L4,AME0062-H03,eACE010-eAME219,A,4,XDB-029+XLA-036
16S-A-A4-L4,AME0062-A04,eACE010-eAME220,A,4,XEB-029+XDA-036
16S-A-B4-L4,AME0062-B04,eACE010-eAME221,A,4,XEB-029+XEA-036
16S-A-C4-L4,AME0062-C04,eACE010-eAME222,A,4,XEB-029+XFA-036
16S-A-D4-L4,AME0062-D04,eACE010-eAME223,A,4,XEB-029+XCA-036
16S-A-E4-L4,AME0062-E04,eACE010-eAME224,A,4,XEB-029+XSA-036
16S-A-F4-L4,AME0062-F04,eACE010-eAME225,A,4,XEB-029+XJA-036
16S-A-G4-L4,AME0062-G04,eACE010-eAME226,A,4,XEB-029+XGA-036
16S-A-H4-L4,AME0062-H04,eACE010-eAME227,A,4,XEB-029+XLA-036
16S-A-A5-L4,AME0062-A05,eACE010-eAME228,A,4,XFB-029+XDA-036
16S-A-B5-L4,AME0062-B05,eACE010-eAME229,A,4,XFB-029+XEA-036
16S-A-C5-L4,AME0062-C05,eACE010-eAME230,A,4,XFB-029+XFA-036
16S-A-D5-L4,AME0062-D05,eACE010-eAME231,A,4,XFB-029+XCA-036
16S-A-E5-L4,AME0062-E05,eACE010-eAME232,A,4,XFB-029+XSA-036
16S-A-F5-L4,AME0062-F05,eACE010-eAME233,A,4,XFB-029+XJA-036
16S-A-G5-L4,AME0062-G05,eACE010-eAME234,A,4,XFB-029+XGA-036
16S-A-H5-L4,AME0062-H05,eACE010-eAME235,A,4,XFB-029+XLA-036
16S-A-A6-L4,AME0062-A06,eACE010-eAME236,A,4,XGB-029+XDA-036
16S-A-B6-L4,AME0062-B06,eACE010-eAME237,A,4,XGB-029+XEA-036
16S-A-C6-L4,AME0062-C06,eACE010-eAME238,A,4,XGB-029+XFA-036
16S-A-D6-L4,AME0062-D06,eACE010-eAME239,A,4,XGB-029+XCA-036
16S-A-E6-L4,AME0062-E06,eACE010-eAME240,A,4,XGB-029+XSA-036
16S-A-F6-L4,AME0062-F06,eACE010-eAME241,A,4,XGB-029+XJA-036
16S-A-G6-L4,AME0062-G06,eACE010-eAME242,A,4,XGB-029+XGA-036
16S-A-H6-L4,AME0062-H06,eACE010-eAME243,A,4,XGB-029+XLA-036
16S-A-A7-L4,AME0062-A07,eACE010-eAME244,A,4,XHB-029+XDA-036
16S-A-B7-L4,AME0062-B07,eACE010-eAME245,A,4,XHB-029+XEA-036
16S-A-C7-L4,AME0062-C07,eACE010-eAME246,A,4,XHB-029+XFA-036
16S-A-D7-L4,AME0062-D07,eACE010-eAME247,A,4,XHB-029+XCA-036
16S-A-E7-L4,AME0062-E07,eACE010-eAME248,A,4,XHB-029+XSA-036
16S-A-F7-L4,AME0062-F07,eACE010-eAME249,A,4,XHB-029+XJA-036
16S-A-G7-L4,AME0062-G07,eACE010-eAME250,A,4,XHB-029+XGA-036
16S-A-H7-L4,AME0062-H07,eACE010-eAME251,A,4,XHB-029+XLA-036
16S-A-A8-L4,AME0062-A08,eACE010-eAME252,A,4,XIB-029+XDA-036
16S-A-B8-L4,AME0062-B08,eACE010-eAME253,A,4,XIB-029+XEA-036
16S-A-C8-L4,AME0062-C08,eACE010-eAME254,A,4,XIB-029+XFA-036
16S-A-D8-L4,AME0062-D08,eACE010-eAME255,A,4,XIB-029+XCA-036
16S-A-E8-L4,AME0062-E08,eACE010-eAME256,A,4,XIB-029+XSA-036
16S-A-F8-L4,AME0062-F08,eACE010-eAME257,A,4,XIB-029+XJA-036
16S-A-G8-L4,AME0062-G08,eACE010-eAME258,A,4,XIB-029+XGA-036
16S-A-H8-L4,AME0062-H08,eACE010-eAME259,A,4,XIB-029+XLA-036
16S-A-A9-L4,AME0062-A09,eACE010-eAME260,A,4,XJB-029+XDA-036
16S-A-B9-L4,AME0062-B09,eACE010-eAME261,A,4,XJB-029+XEA-036
16S-A-C9-L4,AME0062-C09,eACE010-eAME262,A,4,XJB-029+XFA-036
16S-A-D9-L4,AME0062-D09,eACE010-eAME263,A,4,XJB-029+XCA-036
16S-A-E9-L4,AME0062-E09,eACE010-eAME264,A,4,XJB-029+XSA-036
16S-A-F9-L4,AME0062-F09,eACE010-eAME265,A,4,XJB-029+XJA-036
16S-A-G9-L4,AME0062-G09,eACE010-eAME266,A,4,XJB-029+XGA-036
16S-A-H9-L4,AME0062-H09,eACE010-eAME267,A,4,XJB-029+XLA-036
16S-A-A10-L4,AME0062-A10,eACE010-eAME268,A,4,XKB-029+XDA-036
16S-A-B10-L4,AME0062-B10,eACE010-eAME269,A,4,XKB-029+XEA-036
16S-A-C10-L4,AME0062-C10,eACE010-eAME270,A,4,XKB-029+XFA-036
16S-A-D10-L4,AME0062-D10,eACE010-eAME271,A,4,XKB-029+XCA-036
16S-A-E10-L4,AME0062-E10,eACE010-eAME272,A,4,XKB-029+XSA-036
16S-A-F10-L4,AME0062-F10,eACE010-eAME273,A,4,XKB-029+XJA-036
16S-A-G10-L4,AME0062-G10,eACE010-eAME274,A,4,XKB-029+XGA-036
16S-A-H10-L4,AME0062-H10,eACE010-eAME275,A,4,XKB-029+XLA-036
16S-A-A11-L4,AME0062-A11,eACE010-eAME276,A,4,blank+XDA-036
16S-A-B11-L4,AME0062-B11,eACE010-eAME277,A,4,blank+XEA-036
16S-A-C11-L4,AME0062-C11,eACE010-eAME278,A,4,blank+XFA-036
16S-A-D11-L4,AME0062-D11,eACE010-eAME279,A,4,blank+XCA-036
16S-A-E11-L4,AME0062-E11,eACE010-eAME280,A,4,blank+XSA-036
16S-A-F11-L4,AME0062-F11,eACE010-eAME281,A,4,blank+XJA-036
16S-A-G11-L4,AME0062-G11,eACE010-eAME282,A,4,blank+XGA-036
16S-A-H11-L4,AME0062-H11,eACE010-eAME283,A,4,blank+XLA-036
16S-A-A12-L4,AME0062-A12,eACE010-eAME284,A,4,B-mix+XDA-036
16S-A-B12-L4,AME0062-B12,eACE010-eAME285,A,4,B-mix+XEA-036
16S-A-C12-L4,AME0062-C12,eACE010-eAME286,A,4,B-mix+XFA-036
16S-A-D12-L4,AME0062-D12,eACE010-eAME287,A,4,B-mix+XCA-036
16S-A-E12-L4,AME0062-E12,eACE010-eAME288,A,4,B-mix+XSA-036
16S-A-F12-L4,AME0062-F12,eACE010-eAME289,A,4,B-mix+XJA-036
16S-A-G12-L4,AME0062-G12,eACE010-eAME290,A,4,B-mix+XGA-036
16S-A-H12-L4,AME0062-H12,eACE010-eAME291,A,4,B-mix+XLA-036
16S-A-A1-L5,AME0063-A01,eACE010-eAME292,A,5,XBB-029+XDA-036
16S-A-B1-L5,AME0063-B01,eACE010-eAME293,A,5,XBB-029+XEA-036
16S-A-C1-L5,AME0063-C01,eACE010-eAME294,A,5,XBB-029+XFA-036
16S-A-D1-L5,AME0063-D01,eACE010-eAME295,A,5,XBB-029+XTA-036
16S-A-E1-L5,AME0063-E01,eACE010-eAME296,A,5,XBB-029+XSA-036
16S-A-F1-L5,AME0063-F01,eACE010-eAME297,A,5,XBB-029+XVA-036
16S-A-G1-L5,AME0063-G01,eACE010-eAME298,A,5,XBB-029+XGA-036
16S-A-H1-L5,AME0063-H01,eACE010-eAME299,A,5,XBB-029+XLA-036
16S-A-A2-L5,AME0063-A02,eACE010-eAME300,A,5,XCB-029+XDA-036
16S-A-B2-L5,AME0063-B02,eACE010-eAME301,A,5,XCB-029+XEA-036
16S-A-C2-L5,AME0063-C02,eACE010-eAME302,A,5,XCB-029+XFA-036
16S-A-D2-L5,AME0063-D02,eACE010-eAME303,A,5,XCB-029+XTA-036
16S-A-E2-L5,AME0063-E02,eACE010-eAME304,A,5,XCB-029+XSA-036
16S-A-F2-L5,AME0063-F02,eACE010-eAME305,A,5,XCB-029+XJA-036
16S-A-G2-L5,AME0063-G02,eACE010-eAME306,A,5,XCB-029+XGA-036
16S-A-H2-L5,AME0063-H02,eACE010-eAME307,A,5,XCB-029+XLA-036
16S-A-A3-L5,AME0063-A03,eACE010-eAME308,A,5,XDB-029+XDA-036
16S-A-B3-L5,AME0063-B03,eACE010-eAME309,A,5,XDB-029+XEA-036
16S-A-C3-L5,AME0063-C03,eACE010-eAME310,A,5,XDB-029+XFA-036
16S-A-D3-L5,AME0063-D03,eACE010-eAME311,A,5,XDB-029+XCA-036
16S-A-E3-L5,AME0063-E03,eACE010-eAME312,A,5,XDB-029+XSA-036
16S-A-F3-L5,AME0063-F03,eACE010-eAME313,A,5,XDB-029+XJA-036
16S-A-G3-L5,AME0063-G03,eACE010-eAME314,A,5,XDB-029+XGA-036
16S-A-H3-L5,AME0063-H03,eACE010-eAME315,A,5,XDB-029+XLA-036
16S-A-A4-L5,AME0063-A04,eACE010-eAME316,A,5,XEB-029+XDA-036
16S-A-B4-L5,AME0063-B04,eACE010-eAME317,A,5,XEB-029+XEA-036
16S-A-C4-L5,AME0063-C04,eACE010-eAME318,A,5,XEB-029+XFA-036
16S-A-D4-L5,AME0063-D04,eACE010-eAME319,A,5,XEB-029+XCA-036
16S-A-E4-L5,AME0063-E04,eACE010-eAME320,A,5,XEB-029+XSA-036
16S-A-F4-L5,AME0063-F04,eACE010-eAME321,A,5,XEB-029+XJA-036
16S-A-G4-L5,AME0063-G04,eACE010-eAME322,A,5,XEB-029+XGA-036
16S-A-H4-L5,AME0063-H04,eACE010-eAME323,A,5,XEB-029+XLA-036
16S-A-A5-L5,AME0063-A05,eACE010-eAME324,A,5,XFB-029+XDA-036
16S-A-B5-L5,AME0063-B05,eACE010-eAME325,A,5,XFB-029+XEA-036
16S-A-C5-L5,AME0063-C05,eACE010-eAME326,A,5,XFB-029+XFA-036
16S-A-D5-L5,AME0063-D05,eACE010-eAME327,A,5,XFB-029+XCA-036
16S-A-E5-L5,AME0063-E05,eACE010-eAME328,A,5,XFB-029+XSA-036
16S-A-F5-L5,AME0063-F05,eACE010-eAME329,A,5,XFB-029+XJA-036
16S-A-G5-L5,AME0063-G05,eACE010-eAME330,A,5,XFB-029+XGA-036
16S-A-H5-L5,AME0063-H05,eACE010-eAME331,A,5,XFB-029+XLA-036
16S-A-A6-L5,AME0063-A06,eACE010-eAME332,A,5,XGB-029+XDA-036
16S-A-B6-L5,AME0063-B06,eACE010-eAME333,A,5,XGB-029+XEA-036
16S-A-C6-L5,AME0063-C06,eACE010-eAME334,A,5,XGB-029+XFA-036
16S-A-D6-L5,AME0063-D06,eACE010-eAME335,A,5,XGB-029+XCA-036
16S-A-E6-L5,AME0063-E06,eACE010-eAME336,A,5,XGB-029+XSA-036
16S-A-F6-L5,AME0063-F06,eACE010-eAME337,A,5,XGB-029+XJA-036
16S-A-G6-L5,AME0063-G06,eACE010-eAME338,A,5,XGB-029+XGA-036
16S-A-H6-L5,AME0063-H06,eACE010-eAME339,A,5,XGB-029+XLA-036
16S-A-A7-L5,AME0063-A07,eACE010-eAME340,A,5,XHB-029+XDA-036
16S-A-B7-L5,AME0063-B07,eACE010-eAME341,A,5,XHB-029+XEA-036
16S-A-C7-L5,AME0063-C07,eACE010-eAME342,A,5,XHB-029+XFA-036
16S-A-D7-L5,AME0063-D07,eACE010-eAME343,A,5,XHB-029+XCA-036
16S-A-E7-L5,AME0063-E07,eACE010-eAME344,A,5,XHB-029+XSA-036
16S-A-F7-L5,AME0063-F07,eACE010-eAME345,A,5,XHB-029+XJA-036
16S-A-G7-L5,AME0063-G07,eACE010-eAME346,A,5,XHB-029+XGA-036
16S-A-H7-L5,AME0063-H07,eACE010-eAME347,A,5,XHB-029+XLA-036
16S-A-A8-L5,AME0063-A08,eACE010-eAME348,A,5,XIB-029+XDA-036
16S-A-B8-L5,AME0063-B08,eACE010-eAME349,A,5,XIB-029+XEA-036
16S-A-C8-L5,AME0063-C08,eACE010-eAME350,A,5,XIB-029+XFA-036
16S-A-D8-L5,AME0063-D08,eACE010-eAME351,A,5,XIB-029+XCA-036
16S-A-E8-L5,AME0063-E08,eACE010-eAME352,A,5,XIB-029+XSA-036
16S-A-F8-L5,AME0063-F08,eACE010-eAME353,A,5,XIB-029+XJA-036
16S-A-G8-L5,AME0063-G08,eACE010-eAME354,A,5,XIB-029+XGA-036
16S-A-H8-L5,AME0063-H08,eACE010-eAME355,A,5,XIB-029+XLA-036
16S-A-A9-L5,AME0063-A09,eACE010-eAME356,A,5,XJB-029+XDA-036
16S-A-B9-L5,AME0063-B09,eACE010-eAME357,A,5,XJB-029+XEA-036
16S-A-C9-L5,AME0063-C09,eACE010-eAME358,A,5,XJB-029+XFA-036
16S-A-D9-L5,AME0063-D09,eACE010-eAME359,A,5,XJB-029+XCA-036
16S-A-E9-L5,AME0063-E09,eACE010-eAME360,A,5,XJB-029+XSA-036
16S-A-F9-L5,AME0063-F09,eACE010-eAME361,A,5,XJB-029+XJA-036
16S-A-G9-L5,AME0063-G09,eACE010-eAME362,A,5,XJB-029+XGA-036
16S-A-H9-L5,AME0063-H09,eACE010-eAME363,A,5,XJB-029+XLA-036
16S-A-A10-L5,AME0063-A10,eACE010-eAME364,A,5,XKB-029+XDA-036
16S-A-B10-L5,AME0063-B10,eACE010-eAME365,A,5,XKB-029+XEA-036
16S-A-C10-L5,AME0063-C10,eACE010-eAME366,A,5,XKB-029+XFA-036
16S-A-D10-L5,AME0063-D10,eACE010-eAME367,A,5,XKB-029+XCA-036
16S-A-E10-L5,AME0063-E10,eACE010-eAME368,A,5,XKB-029+XSA-036
16S-A-F10-L5,AME0063-F10,eACE010-eAME369,A,5,XKB-029+XJA-036
16S-A-G10-L5,AME0063-G10,eACE010-eAME370,A,5,XKB-029+XGA-036
16S-A-H10-L5,AME0063-H10,eACE010-eAME371,A,5,XKB-029+XLA-036
16S-A-A11-L5,AME0063-A11,eACE010-eAME372,A,5,blank+XDA-036
16S-A-B11-L5,AME0063-B11,eACE010-eAME373,A,5,blank+XEA-036
16S-A-C11-L5,AME0063-C11,eACE010-eAME374,A,5,blank+XFA-036
16S-A-D11-L5,AME0063-D11,eACE010-eAME375,A,5,blank+XCA-036
16S-A-E11-L5,AME0063-E11,eACE010-eAME376,A,5,blank+XSA-036
16S-A-F11-L5,AME0063-F11,eACE010-eAME377,A,5,blank+XJA-036
16S-A-G11-L5,AME0063-G11,eACE010-eAME378,A,5,blank+XGA-036
16S-A-H11-L5,AME0063-H11,eACE010-eAME379,A,5,blank+XLA-036
16S-A-A12-L5,AME0063-A12,eACE010-eAME380,A,5,B-mix+XDA-036
16S-A-B12-L5,AME0063-B12,eACE010-eAME381,A,5,B-mix+XEA-036
16S-A-C12-L5,AME0063-C12,eACE010-eAME382,A,5,B-mix+XFA-036
16S-A-D12-L5,AME0063-D12,eACE010-eAME383,A,5,B-mix+XCA-036
16S-A-E12-L5,AME0063-E12,eACE010-eAME384,A,5,B-mix+XSA-036
16S-A-F12-L5,AME0063-F12,eACE010-eAME385,A,5,B-mix+XJA-036
16S-A-G12-L5,AME0063-G12,eACE010-eAME386,A,5,B-mix+XGA-036
16S-A-H12-L5,AME0063-H12,eACE010-eAME387,A,5,B-mix+XLA-036
16S-A-A1-L6,AME0064-A01,eACE010-eAME388,A,6,XBB-029+XDA-064
16S-A-B1-L6,AME0064-B01,eACE010-eAME389,A,6,XBB-029+XEA-064
16S-A-C1-L6,AME0064-C01,eACE010-eAME390,A,6,XBB-029+XFA-064
16S-A-D1-L6,AME0064-D01,eACE010-eAME391,A,6,XBB-029+XTA-064
16S-A-E1-L6,AME0064-E01,eACE010-eAME392,A,6,XBB-029+XSA-064
16S-A-F1-L6,AME0064-F01,eACE010-eAME393,A,6,XBB-029+XVA-064
16S-A-G1-L6,AME0064-G01,eACE010-eAME394,A,6,XBB-029+XGA-064
16S-A-H1-L6,AME0064-H01,eACE010-eAME395,A,6,XBB-029+XLA-064
16S-A-A2-L6,AME0064-A02,eACE010-eAME396,A,6,XCB-029+XDA-064
16S-A-B2-L6,AME0064-B02,eACE010-eAME397,A,6,XCB-029+XEA-064
16S-A-C2-L6,AME0064-C02,eACE010-eAME398,A,6,XCB-029+XFA-064
16S-A-D2-L6,AME0064-D02,eACE010-eAME399,A,6,XCB-029+XTA-064
16S-A-E2-L6,AME0064-E02,eACE010-eAME400,A,6,XCB-029+XSA-064
16S-A-F2-L6,AME0064-F02,eACE010-eAME401,A,6,XCB-029+XJA-064
16S-A-G2-L6,AME0064-G02,eACE010-eAME402,A,6,XCB-029+XGA-064
16S-A-H2-L6,AME0064-H02,eACE010-eAME403,A,6,XCB-029+XLA-064
16S-A-A3-L6,AME0064-A03,eACE010-eAME404,A,6,XDB-029+XDA-064
16S-A-B3-L6,AME0064-B03,eACE010-eAME405,A,6,XDB-029+XEA-064
16S-A-C3-L6,AME0064-C03,eACE010-eAME406,A,6,XDB-029+XFA-064
16S-A-D3-L6,AME0064-D03,eACE010-eAME407,A,6,XDB-029+XCA-064
16S-A-E3-L6,AME0064-E03,eACE010-eAME408,A,6,XDB-029+XSA-064
16S-A-F3-L6,AME0064-F03,eACE010-eAME409,A,6,XDB-029+XJA-064
16S-A-G3-L6,AME0064-G03,eACE010-eAME410,A,6,XDB-029+XGA-064
16S-A-H3-L6,AME0064-H03,eACE010-eAME411,A,6,XDB-029+XLA-064
16S-A-A4-L6,AME0064-A04,eACE010-eAME412,A,6,XEB-029+XDA-064
16S-A-B4-L6,AME0064-B04,eACE010-eAME413,A,6,XEB-029+XEA-064
16S-A-C4-L6,AME0064-C04,eACE010-eAME414,A,6,XEB-029+XFA-064
16S-A-D4-L6,AME0064-D04,eACE010-eAME415,A,6,XEB-029+XCA-064
16S-A-E4-L6,AME0064-E04,eACE010-eAME416,A,6,XEB-029+XSA-064
16S-A-F4-L6,AME0064-F04,eACE010-eAME417,A,6,XEB-029+XJA-064
16S-A-G4-L6,AME0064-G04,eACE010-eAME418,A,6,XEB-029+XGA-064
16S-A-H4-L6,AME0064-H04,eACE010-eAME419,A,6,XEB-029+XLA-064
16S-A-A5-L6,AME0064-A05,eACE010-eAME420,A,6,XFB-029+XDA-064
16S-A-B5-L6,AME0064-B05,eACE010-eAME421,A,6,XFB-029+XEA-064
16S-A-C5-L6,AME0064-C05,eACE010-eAME422,A,6,XFB-029+XFA-064
16S-A-D5-L6,AME0064-D05,eACE010-eAME423,A,6,XFB-029+XCA-064
16S-A-E5-L6,AME0064-E05,eACE010-eAME424,A,6,XFB-029+XSA-064
16S-A-F5-L6,AME0064-F05,eACE010-eAME425,A,6,XFB-029+XJA-064
16S-A-G5-L6,AME0064-G05,eACE010-eAME426,A,6,XFB-029+XGA-064
16S-A-H5-L6,AME0064-H05,eACE010-eAME427,A,6,XFB-029+XLA-064
16S-A-A6-L6,AME0064-A06,eACE010-eAME428,A,6,XGB-029+XDA-064
16S-A-B6-L6,AME0064-B06,eACE010-eAME429,A,6,XGB-029+XEA-064
16S-A-C6-L6,AME0064-C06,eACE010-eAME430,A,6,XGB-029+XFA-064
16S-A-D6-L6,AME0064-D06,eACE010-eAME431,A,6,XGB-029+XCA-064
16S-A-E6-L6,AME0064-E06,eACE010-eAME432,A,6,XGB-029+XSA-064
16S-A-F6-L6,AME0064-F06,eACE010-eAME433,A,6,XGB-029+XJA-064
16S-A-G6-L6,AME0064-G06,eACE010-eAME434,A,6,XGB-029+XGA-064
16S-A-H6-L6,AME0064-H06,eACE010-eAME435,A,6,XGB-029+XLA-064
16S-A-A7-L6,AME0064-A07,eACE010-eAME436,A,6,XHB-029+XDA-064
16S-A-B7-L6,AME0064-B07,eACE010-eAME437,A,6,XHB-029+XEA-064
16S-A-C7-L6,AME0064-C07,eACE010-eAME438,A,6,XHB-029+XFA-064
16S-A-D7-L6,AME0064-D07,eACE010-eAME439,A,6,XHB-029+XCA-064
16S-A-E7-L6,AME0064-E07,eACE010-eAME440,A,6,XHB-029+XSA-064
16S-A-F7-L6,AME0064-F07,eACE010-eAME441,A,6,XHB-029+XJA-064
16S-A-G7-L6,AME0064-G07,eACE010-eAME442,A,6,XHB-029+XGA-064
16S-A-H7-L6,AME0064-H07,eACE010-eAME443,A,6,XHB-029+XLA-064
16S-A-A8-L6,AME0064-A08,eACE010-eAME444,A,6,XIB-029+XDA-064
16S-A-B8-L6,AME0064-B08,eACE010-eAME445,A,6,XIB-029+XEA-064
16S-A-C8-L6,AME0064-C08,eACE010-eAME446,A,6,XIB-029+XFA-064
16S-A-D8-L6,AME0064-D08,eACE010-eAME447,A,6,XIB-029+XCA-064
16S-A-E8-L6,AME0064-E08,eACE010-eAME448,A,6,XIB-029+XSA-064
16S-A-F8-L6,AME0064-F08,eACE010-eAME449,A,6,XIB-029+XJA-064
16S-A-G8-L6,AME0064-G08,eACE010-eAME450,A,6,XIB-029+XGA-064
16S-A-H8-L6,AME0064-H08,eACE010-eAME451,A,6,XIB-029+XLA-064
16S-A-A9-L6,AME0064-A09,eACE010-eAME452,A,6,XJB-029+XDA-064
16S-A-B9-L6,AME0064-B09,eACE010-eAME453,A,6,XJB-029+XEA-064
16S-A-C9-L6,AME0064-C09,eACE010-eAME454,A,6,XJB-029+XFA-064
16S-A-D9-L6,AME0064-D09,eACE010-eAME455,A,6,XJB-029+XCA-064
16S-A-E9-L6,AME0064-E09,eACE010-eAME456,A,6,XJB-029+XSA-064
16S-A-F9-L6,AME0064-F09,eACE010-eAME457,A,6,XJB-029+XJA-064
16S-A-G9-L6,AME0064-G09,eACE010-eAME458,A,6,XJB-029+XGA-064
16S-A-H9-L6,AME0064-H09,eACE010-eAME459,A,6,XJB-029+XLA-064
16S-A-A10-L6,AME0064-A10,eACE010-eAME460,A,6,XKB-029+XDA-064
16S-A-B10-L6,AME0064-B10,eACE010-eAME461,A,6,XKB-029+XEA-064
16S-A-C10-L6,AME0064-C10,eACE010-eAME462,A,6,XKB-029+XFA-064
16S-A-D10-L6,AME0064-D10,eACE010-eAME463,A,6,XKB-029+XCA-064
16S-A-E10-L6,AME0064-E10,eACE010-eAME464,A,6,XKB-029+XSA-064
16S-A-F10-L6,AME0064-F10,eACE010-eAME465,A,6,XKB-029+XJA-064
16S-A-G10-L6,AME0064-G10,eACE010-eAME466,A,6,XKB-029+XGA-064
16S-A-H10-L6,AME0064-H10,eACE010-eAME467,A,6,XKB-029+XLA-064
16S-A-A11-L6,AME0064-A11,eACE010-eAME468,A,6,blank+XDA-064
16S-A-B11-L6,AME0064-B11,eACE010-eAME469,A,6,blank+XEA-064
16S-A-C11-L6,AME0064-C11,eACE010-eAME470,A,6,blank+XFA-064
16S-A-D11-L6,AME0064-D11,eACE010-eAME471,A,6,blank+XCA-064
16S-A-E11-L6,AME0064-E11,eACE010-eAME472,A,6,blank+XSA-064
16S-A-F11-L6,AME0064-F11,eACE010-eAME473,A,6,blank+XJA-064
16S-A-G11-L6,AME0064-G11,eACE010-eAME474,A,6,blank+XGA-064
16S-A-H11-L6,AME0064-H11,eACE010-eAME475,A,6,blank+XLA-064
16S-A-A12-L6,AME0064-A12,eACE010-eAME476,A,6,B-mix+XDA-064
16S-A-B12-L6,AME0064-B12,eACE010-eAME477,A,6,B-mix+XEA-064
16S-A-C12-L6,AME0064-C12,eACE010-eAME478,A,6,B-mix+XFA-064
16S-A-D12-L6,AME0064-D12,eACE010-eAME479,A,6,B-mix+XCA-064
16S-A-E12-L6,AME0064-E12,eACE010-eAME480,A,6,B-mix+XSA-064
16S-A-F12-L6,AME0064-F12,eACE010-eAME481,A,6,B-mix+XJA-064
16S-A-G12-L6,AME0064-G12,eACE010-eAME482,A,6,B-mix+XGA-064
16S-A-H12-L6,AME0064-H12,eACE010-eAME483,A,6,B-mix+XLA-064
16S-A-A1-L7,AME0065-A01,eACE010-eAME484,A,7,XBB-029+XDA-064
16S-A-B1-L7,AME0065-B01,eACE010-eAME485,A,7,XBB-029+XEA-064
16S-A-C1-L7,AME0065-C01,eACE010-eAME486,A,7,XBB-029+XFA-064
16S-A-D1-L7,AME0065-D01,eACE010-eAME487,A,7,XBB-029+XTA-064
16S-A-E1-L7,AME0065-E01,eACE010-eAME488,A,7,XBB-029+XSA-064
16S-A-F1-L7,AME0065-F01,eACE010-eAME489,A,7,XBB-029+XVA-064
16S-A-G1-L7,AME0065-G01,eACE010-eAME490,A,7,XBB-029+XGA-064
16S-A-H1-L7,AME0065-H01,eACE010-eAME491,A,7,XBB-029+XLA-064
16S-A-A2-L7,AME0065-A02,eACE010-eAME492,A,7,XCB-029+XDA-064
16S-A-B2-L7,AME0065-B02,eACE010-eAME493,A,7,XCB-029+XEA-064
16S-A-C2-L7,AME0065-C02,eACE010-eAME494,A,7,XCB-029+XFA-064
16S-A-D2-L7,AME0065-D02,eACE010-eAME495,A,7,XCB-029+XTA-064
16S-A-E2-L7,AME0065-E02,eACE010-eAME496,A,7,XCB-029+XSA-064
16S-A-F2-L7,AME0065-F02,eACE010-eAME497,A,7,XCB-029+XJA-064
16S-A-G2-L7,AME0065-G02,eACE010-eAME498,A,7,XCB-029+XGA-064
16S-A-H2-L7,AME0065-H02,eACE010-eAME499,A,7,XCB-029+XLA-064
16S-A-A3-L7,AME0065-A03,eACE010-eAME500,A,7,XDB-029+XDA-064
16S-A-B3-L7,AME0065-B03,eACE010-eAME501,A,7,XDB-029+XEA-064
16S-A-C3-L7,AME0065-C03,eACE010-eAME502,A,7,XDB-029+XFA-064
16S-A-D3-L7,AME0065-D03,eACE010-eAME503,A,7,XDB-029+XCA-064
16S-A-E3-L7,AME0065-E03,eACE010-eAME504,A,7,XDB-029+XSA-064
16S-A-F3-L7,AME0065-F03,eACE010-eAME505,A,7,XDB-029+XJA-064
16S-A-G3-L7,AME0065-G03,eACE010-eAME506,A,7,XDB-029+XGA-064
16S-A-H3-L7,AME0065-H03,eACE010-eAME507,A,7,XDB-029+XLA-064
16S-A-A4-L7,AME0065-A04,eACE010-eAME508,A,7,XEB-029+XDA-064
16S-A-B4-L7,AME0065-B04,eACE010-eAME509,A,7,XEB-029+XEA-064
16S-A-C4-L7,AME0065-C04,eACE010-eAME510,A,7,XEB-029+XFA-064
16S-A-D4-L7,AME0065-D04,eACE010-eAME511,A,7,XEB-029+XCA-064
16S-A-E4-L7,AME0065-E04,eACE010-eAME512,A,7,XEB-029+XSA-064
16S-A-F4-L7,AME0065-F04,eACE010-eAME513,A,7,XEB-029+XJA-064
16S-A-G4-L7,AME0065-G04,eACE010-eAME514,A,7,XEB-029+XGA-064
16S-A-H4-L7,AME0065-H04,eACE010-eAME515,A,7,XEB-029+XLA-064
16S-A-A5-L7,AME0065-A05,eACE010-eAME516,A,7,XFB-029+XDA-064
16S-A-B5-L7,AME0065-B05,eACE010-eAME517,A,7,XFB-029+XEA-064
16S-A-C5-L7,AME0065-C05,eACE010-eAME518,A,7,XFB-029+XFA-064
16S-A-D5-L7,AME0065-D05,eACE010-eAME519,A,7,XFB-029+XCA-064
16S-A-E5-L7,AME0065-E05,eACE010-eAME520,A,7,XFB-029+XSA-064
16S-A-F5-L7,AME0065-F05,eACE010-eAME521,A,7,XFB-029+XJA-064
16S-A-G5-L7,AME0065-G05,eACE010-eAME522,A,7,XFB-029+XGA-064
16S-A-H5-L7,AME0065-H05,eACE010-eAME523,A,7,XFB-029+XLA-064
16S-A-A6-L7,AME0065-A06,eACE010-eAME524,A,7,XGB-029+XDA-064
16S-A-B6-L7,AME0065-B06,eACE010-eAME525,A,7,XGB-029+XEA-064
16S-A-C6-L7,AME0065-C06,eACE010-eAME526,A,7,XGB-029+XFA-064
16S-A-D6-L7,AME0065-D06,eACE010-eAME527,A,7,XGB-029+XCA-064
16S-A-E6-L7,AME0065-E06,eACE010-eAME528,A,7,XGB-029+XSA-064
16S-A-F6-L7,AME0065-F06,eACE010-eAME529,A,7,XGB-029+XJA-064
16S-A-G6-L7,AME0065-G06,eACE010-eAME530,A,7,XGB-029+XGA-064
16S-A-H6-L7,AME0065-H06,eACE010-eAME531,A,7,XGB-029+XLA-064
16S-A-A7-L7,AME0065-A07,eACE010-eAME532,A,7,XHB-029+XDA-064
16S-A-B7-L7,AME0065-B07,eACE010-eAME533,A,7,XHB-029+XEA-064
16S-A-C7-L7,AME0065-C07,eACE010-eAME534,A,7,XHB-029+XFA-064
16S-A-D7-L7,AME0065-D07,eACE010-eAME535,A,7,XHB-029+XCA-064
16S-A-E7-L7,AME0065-E07,eACE010-eAME536,A,7,XHB-029+XSA-064
16S-A-F7-L7,AME0065-F07,eACE010-eAME537,A,7,XHB-029+XJA-064
16S-A-G7-L7,AME0065-G07,eACE010-eAME538,A,7,XHB-029+XGA-064
16S-A-H7-L7,AME0065-H07,eACE010-eAME539,A,7,XHB-029+XLA-064
16S-A-A8-L7,AME0065-A08,eACE010-eAME540,A,7,XIB-029+XDA-064
16S-A-B8-L7,AME0065-B08,eACE010-eAME541,A,7,XIB-029+XEA-064
16S-A-C8-L7,AME0065-C08,eACE010-eAME542,A,7,XIB-029+XFA-064
16S-A-D8-L7,AME0065-D08,eACE010-eAME543,A,7,XIB-029+XCA-064
16S-A-E8-L7,AME0065-E08,eACE010-eAME544,A,7,XIB-029+XSA-064
16S-A-F8-L7,AME0065-F08,eACE010-eAME545,A,7,XIB-029+XJA-064
16S-A-G8-L7,AME0065-G08,eACE010-eAME546,A,7,XIB-029+XGA-064
16S-A-H8-L7,AME0065-H08,eACE010-eAME547,A,7,XIB-029+XLA-064
16S-A-A9-L7,AME0065-A09,eACE010-eAME548,A,7,XJB-029+XDA-064
16S-A-B9-L7,AME0065-B09,eACE010-eAME549,A,7,XJB-029+XEA-064
16S-A-C9-L7,AME0065-C09,eACE010-eAME550,A,7,XJB-029+XFA-064
16S-A-D9-L7,AME0065-D09,eACE010-eAME551,A,7,XJB-029+XCA-064
16S-A-E9-L7,AME0065-E09,eACE010-eAME552,A,7,XJB-029+XSA-064
16S-A-F9-L7,AME0065-F09,eACE010-eAME553,A,7,XJB-029+XJA-064
16S-A-G9-L7,AME0065-G09,eACE010-eAME554,A,7,XJB-029+XGA-064
16S-A-H9-L7,AME0065-H09,eACE010-eAME555,A,7,XJB-029+XLA-064
16S-A-A10-L7,AME0065-A10,eACE010-eAME556,A,7,XKB-029+XDA-064
16S-A-B10-L7,AME0065-B10,eACE010-eAME557,A,7,XKB-029+XEA-064
16S-A-C10-L7,AME0065-C10,eACE010-eAME558,A,7,XKB-029+XFA-064
16S-A-D10-L7,AME0065-D10,eACE010-eAME559,A,7,XKB-029+XCA-064
16S-A-E10-L7,AME0065-E10,eACE010-eAME560,A,7,XKB-029+XSA-064
16S-A-F10-L7,AME0065-F10,eACE010-eAME561,A,7,XKB-029+XJA-064
16S-A-G10-L7,AME0065-G10,eACE010-eAME562,A,7,XKB-029+XGA-064
16S-A-H10-L7,AME0065-H10,eACE010-eAME563,A,7,XKB-029+XLA-064
16S-A-A11-L7,AME0065-A11,eACE010-eAME564,A,7,blank+XDA-064
16S-A-B11-L7,AME0065-B11,eACE010-eAME565,A,7,blank+XEA-064
16S-A-C11-L7,AME0065-C11,eACE010-eAME566,A,7,blank+XFA-064
16S-A-D11-L7,AME0065-D11,eACE010-eAME567,A,7,blank+XCA-064
16S-A-E11-L7,AME0065-E11,eACE010-eAME568,A,7,blank+XSA-064
16S-A-F11-L7,AME0065-F11,eACE010-eAME569,A,7,blank+XJA-064
16S-A-G11-L7,AME0065-G11,eACE010-eAME570,A,7,blank+XGA-064
16S-A-H11-L7,AME0065-H11,eACE010-eAME571,A,7,blank+XLA-064
16S-A-A12-L7,AME0065-A12,eACE010-eAME572,A,7,B-mix+XDA-064
16S-A-B12-L7,AME0065-B12,eACE010-eAME573,A,7,B-mix+XEA-064
16S-A-C12-L7,AME0065-C12,eACE010-eAME574,A,7,B-mix+XFA-064
16S-A-D12-L7,AME0065-D12,eACE010-eAME575,A,7,B-mix+XCA-064
16S-A-E12-L7,AME0065-E12,eACE010-eAME576,A,7,B-mix+XSA-064
16S-A-F12-L7,AME0065-F12,eACE010-eAME577,A,7,B-mix+XJA-064
16S-A-G12-L7,AME0065-G12,eACE010-eAME578,A,7,B-mix+XGA-064
16S-A-H12-L7,AME0065-H12,eACE010-eAME579,A,7,B-mix+XLA-064
16S-B-A1-L0,ACE0043-A01-pooled,eACE010-eAME004,B,0,XAA-002
16S-B-B1-L0,ACE0043-B01-pooled,eACE010-eAME004,B,0,XAA-029
16S-B-C1-L0,ACE0043-C01-pooled,eACE010-eAME004,B,0,XAA-036
16S-B-D1-L0,ACE0043-D01-pooled,eACE010-eAME004,B,0,XAA-064
16S-B-E1-L0,ACE0043-E01-pooled,eACE010-eAME004,B,0,XAC-002
16S-B-F1-L0,ACE0043-F01-pooled,eACE010-eAME004,B,0,XAC-029
16S-B-G1-L0,ACE0043-G01-pooled,eACE010-eAME004,B,0,XAC-036
16S-B-H1-L0,ACE0043-H01-pooled,eACE010-eAME004,B,0,XAC-064
16S-B-A2-L0,ACE0043-A02-pooled,eACE010-eAME004,B,0,XAD-002
16S-B-B2-L0,ACE0043-B02-pooled,eACE010-eAME004,B,0,XAD-029
16S-B-C2-L0,ACE0043-C02-pooled,eACE010-eAME004,B,0,XAD-036
16S-B-D2-L0,ACE0043-D02-pooled,eACE010-eAME004,B,0,XAD-063
16S-B-E2-L0,ACE0043-E02-pooled,eACE010-eAME004,B,0,XBA-022
16S-B-F2-L0,ACE0043-F02-pooled,eACE010-eAME004,B,0,XBA-029
16S-B-G2-L0,ACE0043-G02-pooled,eACE010-eAME004,B,0,XBA-036
16S-B-H2-L0,ACE0043-H02-pooled,eACE010-eAME004,B,0,XBA-064
16S-B-A3-L0,ACE0043-A03-pooled,eACE010-eAME004,B,0,XBB-022
16S-B-B3-L0,ACE0043-B03-pooled,eACE010-eAME004,B,0,XBB-029
16S-B-C3-L0,ACE0043-C03-pooled,eACE010-eAME004,B,0,XBB-036
16S-B-D3-L0,ACE0043-D03-pooled,eACE010-eAME004,B,0,XBB-064
16S-B-E3-L0,ACE0043-E03-pooled,eACE010-eAME004,B,0,XCA-001
16S-B-F3-L0,ACE0043-F03-pooled,eACE010-eAME004,B,0,XCA-028
16S-B-G3-L0,ACE0043-G03-pooled,eACE010-eAME004,B,0,XCA-036
16S-B-H3-L0,ACE0043-H03-pooled,eACE010-eAME004,B,0,XCA-064
16S-B-A4-L0,ACE0043-A04-pooled,eACE010-eAME004,B,0,XCB-001
16S-B-B4-L0,ACE0043-B04-pooled,eACE010-eAME004,B,0,XCB-029
16S-B-C4-L0,ACE0043-C04-pooled,eACE010-eAME004,B,0,XCB-036
16S-B-D4-L0,ACE0043-D04-pooled,eACE010-eAME004,B,0,XCB-064
16S-B-E4-L0,ACE0043-E04-pooled,eACE010-eAME004,B,0,XDA-001
16S-B-F4-L0,ACE0043-F04-pooled,eACE010-eAME004,B,0,XDA-029
16S-B-G4-L0,ACE0043-G04-pooled,eACE010-eAME004,B,0,XDA-036
16S-B-H4-L0,ACE0043-H04-pooled,eACE010-eAME004,B,0,XDA-064
16S-B-A5-L0,ACE0043-A05-pooled,eACE010-eAME004,B,0,XDB-001
16S-B-B5-L0,ACE0043-B05-pooled,eACE010-eAME004,B,0,XDB-029
16S-B-C5-L0,ACE0043-C05-pooled,eACE010-eAME004,B,0,XDB-036
16S-B-D5-L0,ACE0043-D05-pooled,eACE010-eAME004,B,0,XDB-064
16S-B-E5-L0,ACE0043-E05-pooled,eACE010-eAME004,B,0,XEA-001
16S-B-F5-L0,ACE0043-F05-pooled,eACE010-eAME004,B,0,XEA-029
16S-B-G5-L0,ACE0043-G05-pooled,eACE010-eAME004,B,0,XEA-036
16S-B-H5-L0,ACE0043-H05-pooled,eACE010-eAME004,B,0,XEA-064
16S-B-A6-L0,ACE0043-A06-pooled,eACE010-eAME004,B,0,XEB-001
16S-B-B6-L0,ACE0043-B06-pooled,eACE010-eAME004,B,0,XEB-029
16S-B-C6-L0,ACE0043-C06-pooled,eACE010-eAME004,B,0,XEB-036
16S-B-D6-L0,ACE0043-D06-pooled,eACE010-eAME004,B,0,XEB-064
16S-B-E6-L0,ACE0043-E06-pooled,eACE010-eAME004,B,0,XFA-001
16S-B-F6-L0,ACE0043-F06-pooled,eACE010-eAME004,B,0,XFA-029
16S-B-G6-L0,ACE0043-G06-pooled,eACE010-eAME004,B,0,XFA-036
16S-B-H6-L0,ACE0043-H06-pooled,eACE010-eAME004,B,0,XFA-064
16S-B-A7-L0,ACE0043-A07-pooled,eACE010-eAME004,B,0,XFB-001
16S-B-B7-L0,ACE0043-B07-pooled,eACE010-eAME004,B,0,XFB-029
16S-B-C7-L0,ACE0043-C07-pooled,eACE010-eAME004,B,0,XFB-036
16S-B-D7-L0,ACE0043-D07-pooled,eACE010-eAME004,B,0,XFB-064
16S-B-E7-L0,ACE0043-E07-pooled,eACE010-eAME004,B,0,XGA-001
16S-B-F7-L0,ACE0043-F07-pooled,eACE010-eAME004,B,0,XGA-029
16S-B-G7-L0,ACE0043-G07-pooled,eACE010-eAME004,B,0,XGA-036
16S-B-H7-L0,ACE0043-H07-pooled,eACE010-eAME004,B,0,XGA-064
16S-B-A8-L0,ACE0043-A08-pooled,eACE010-eAME004,B,0,XGB-001
16S-B-B8-L0,ACE0043-B08-pooled,eACE010-eAME004,B,0,XGB-029
16S-B-C8-L0,ACE0043-C08-pooled,eACE010-eAME004,B,0,XGB-036
16S-B-D8-L0,ACE0043-D08-pooled,eACE010-eAME004,B,0,XGB-064
16S-B-E8-L0,ACE0043-E08-pooled,eACE010-eAME004,B,0,XGC-001
16S-B-F8-L0,ACE0043-F08-pooled,eACE010-eAME004,B,0,XGC-029
16S-B-G8-L0,ACE0043-G08-pooled,eACE010-eAME004,B,0,XGC-037
16S-B-H8-L0,ACE0043-H08-pooled,eACE010-eAME004,B,0,XGC-064
16S-B-A9-L0,ACE0043-A09-pooled,eACE010-eAME004,B,0,XHA-003
16S-B-B9-L0,ACE0043-B09-pooled,eACE010-eAME004,B,0,XHA-029
16S-B-C9-L0,ACE0043-C09-pooled,eACE010-eAME004,B,0,XHA-036
16S-B-D9-L0,ACE0043-D09-pooled,eACE010-eAME004,B,0,XHA-064
16S-B-E9-L0,ACE0043-E09-pooled,eACE010-eAME004,B,0,XHB-001
16S-B-F9-L0,ACE0043-F09-pooled,eACE010-eAME004,B,0,XHB-029
16S-B-G9-L0,ACE0043-G09-pooled,eACE010-eAME004,B,0,XHB-036
16S-B-H9-L0,ACE0043-H09-pooled,eACE010-eAME004,B,0,XHB-064
16S-B-A10-L0,ACE0043-A10-pooled,eACE010-eAME004,B,0,XHC-001
16S-B-B10-L0,ACE0043-B10-pooled,eACE010-eAME004,B,0,XHC-029
16S-B-C10-L0,ACE0043-C10-pooled,eACE010-eAME004,B,0,XHC-036
16S-B-D10-L0,ACE0043-D10-pooled,eACE010-eAME004,B,0,XHC-064
16S-B-E10-L0,ACE0043-E10-pooled,eACE010-eAME004,B,0,XIA-002
16S-B-F10-L0,ACE0043-F10-pooled,eACE010-eAME004,B,0,XIA-029
16S-B-G10-L0,ACE0043-G10-pooled,eACE010-eAME004,B,0,XIA-036
16S-B-H10-L0,ACE0043-H10-pooled,eACE010-eAME004,B,0,XIA-064
16S-B-A11-L0,ACE0043-A11-pooled,eACE010-eAME004,B,0,XIB-002
16S-B-B11-L0,ACE0043-B11-pooled,eACE010-eAME004,B,0,XIB-029
16S-B-C11-L0,ACE0043-C11-pooled,eACE010-eAME004,B,0,XIB-036
16S-B-D11-L0,ACE0043-D11-pooled,eACE010-eAME004,B,0,XIB-064
16S-B-E11-L0,ACE0043-E11-pooled,eACE010-eAME004,B,0,XIC-008
16S-B-F11-L0,ACE0043-F11-pooled,eACE010-eAME004,B,0,XIC-029
16S-B-G11-L0,ACE0043-G11-pooled,eACE010-eAME004,B,0,XIC-036
16S-B-H11-L0,ACE0043-H11-pooled,eACE010-eAME004,B,0,XIC-064
16S-B-A12-L0,ACE0043-A12-pooled,eACE010-eAME004,B,0,XJA-001
16S-B-B12-L0,ACE0043-B12-pooled,eACE010-eAME004,B,0,XJA-029
16S-B-C12-L0,ACE0043-C12-pooled,eACE010-eAME004,B,0,XJA-036
16S-B-D12-L0,ACE0043-D12-pooled,eACE010-eAME004,B,0,XJA-064
16S-B-E12-L0,ACE0043-E12-pooled,eACE010-eAME004,B,0,XJB-001
16S-B-F12-L0,ACE0043-F12-pooled,eACE010-eAME004,B,0,XJB-029
16S-B-G12-L0,ACE0043-G12-pooled,eACE010-eAME004,B,0,XJB-036
16S-B-H12-L0,ACE0043-H12-pooled,eACE010-eAME004,B,0,XJB-064
16S-B-A1-L1,ACE0049-A01-pooled,eACE010-eAME004,B,1,XKA-001
16S-B-B1-L1,ACE0049-B01-pooled,eACE010-eAME004,B,1,XKA-029
16S-B-C1-L1,ACE0049-C01-pooled,eACE010-eAME004,B,1,XKA-036
16S-B-D1-L1,ACE0049-D01-pooled,eACE010-eAME004,B,1,XKA-064
16S-B-E1-L1,ACE0049-E01-pooled,eACE010-eAME004,B,1,XKB-001
16S-B-F1-L1,ACE0049-F01-pooled,eACE010-eAME004,B,1,XKB-029
16S-B-G1-L1,ACE0049-G01-pooled,eACE010-eAME004,B,1,XKB-036
16S-B-H1-L1,ACE0049-H01-pooled,eACE010-eAME004,B,1,XKB-064
16S-B-A2-L1,ACE0049-A02-pooled,eACE010-eAME004,B,1,XLA-001
16S-B-B2-L1,ACE0049-B02-pooled,eACE010-eAME004,B,1,XLA-029
16S-B-C2-L1,ACE0049-C02-pooled,eACE010-eAME004,B,1,XLA-036
16S-B-D2-L1,ACE0049-D02-pooled,eACE010-eAME004,B,1,XLA-064
16S-B-E2-L1,ACE0049-E02-pooled,eACE010-eAME004,B,1,XLB-001
16S-B-F2-L1,ACE0049-F02-pooled,eACE010-eAME004,B,1,XLB-029
16S-B-G2-L1,ACE0049-G02-pooled,eACE010-eAME004,B,1,XLB-036
16S-B-H2-L1,ACE0049-H02-pooled,eACE010-eAME004,B,1,XLB-064
16S-B-A3-L1,ACE0049-A03-pooled,eACE010-eAME004,B,1,XMA-001
16S-B-B3-L1,ACE0049-B03-pooled,eACE010-eAME004,B,1,XMA-029
16S-B-C3-L1,ACE0049-C03-pooled,eACE010-eAME004,B,1,XMA-036
16S-B-D3-L1,ACE0049-D03-pooled,eACE010-eAME004,B,1,XMA-064
16S-B-E3-L1,ACE0049-E03-pooled,eACE010-eAME004,B,1,XMB-001
16S-B-F3-L1,ACE0049-F03-pooled,eACE010-eAME004,B,1,XMB-029
16S-B-G3-L1,ACE0049-G03-pooled,eACE010-eAME004,B,1,XMB-036
16S-B-H3-L1,ACE0049-H03-pooled,eACE010-eAME004,B,1,XMB-064
16S-B-A4-L1,ACE0049-A04-pooled,eACE010-eAME004,B,1,XNA-001
16S-B-B4-L1,ACE0049-B04-pooled,eACE010-eAME004,B,1,XNA-029
16S-B-C4-L1,ACE0049-C04-pooled,eACE010-eAME004,B,1,XNA-036
16S-B-D4-L1,ACE0049-D04-pooled,eACE010-eAME004,B,1,XNA-064
16S-B-E4-L1,ACE0049-E04-pooled,eACE010-eAME004,B,1,XNB-001
16S-B-F4-L1,ACE0049-F04-pooled,eACE010-eAME004,B,1,XNB-029
16S-B-G4-L1,ACE0049-G04-pooled,eACE010-eAME004,B,1,XNB-036
16S-B-H4-L1,ACE0049-H04-pooled,eACE010-eAME004,B,1,XNB-064
16S-B-A5-L1,ACE0049-A05-pooled,eACE010-eAME004,B,1,XOA-001
16S-B-B5-L1,ACE0049-B05-pooled,eACE010-eAME004,B,1,XOA-029
16S-B-C5-L1,ACE0049-C05-pooled,eACE010-eAME004,B,1,XOA-036
16S-B-D5-L1,ACE0049-D05-pooled,eACE010-eAME004,B,1,XOA-064
16S-B-E5-L1,ACE0049-E05-pooled,eACE010-eAME004,B,1,XOB-001
16S-B-F5-L1,ACE0049-F05-pooled,eACE010-eAME004,B,1,XOB-028
16S-B-G5-L1,ACE0049-G05-pooled,eACE010-eAME004,B,1,XOB-037
16S-B-H5-L1,ACE0049-H05-pooled,eACE010-eAME004,B,1,XOB-064
16S-B-A6-L1,ACE0049-A06-pooled,eACE010-eAME004,B,1,XPA-002
16S-B-B6-L1,ACE0049-B06-pooled,eACE010-eAME004,B,1,XPA-029
16S-B-C6-L1,ACE0049-C06-pooled,eACE010-eAME004,B,1,XPA-036
16S-B-D6-L1,ACE0049-D06-pooled,eACE010-eAME004,B,1,XPA-072
16S-B-E6-L1,ACE0049-E06-pooled,eACE010-eAME004,B,1,XPB-001
16S-B-F6-L1,ACE0049-F06-pooled,eACE010-eAME004,B,1,XPB-028
16S-B-G6-L1,ACE0049-G06-pooled,eACE010-eAME004,B,1,XPB-036
16S-B-H6-L1,ACE0049-H06-pooled,eACE010-eAME004,B,1,XPB-063
16S-B-A7-L1,ACE0049-A07-pooled,eACE010-eAME004,B,1,XQA-001
16S-B-B7-L1,ACE0049-B07-pooled,eACE010-eAME004,B,1,XQA-029
16S-B-C7-L1,ACE0049-C07-pooled,eACE010-eAME004,B,1,XQA-036
16S-B-D7-L1,ACE0049-D07-pooled,eACE010-eAME004,B,1,XQA-064
16S-B-E7-L1,ACE0049-E07-pooled,eACE010-eAME004,B,1,XQB-001
16S-B-F7-L1,ACE0049-F07-pooled,eACE010-eAME004,B,1,XQB-029
16S-B-G7-L1,ACE0049-G07-pooled,eACE010-eAME004,B,1,XQB-036
16S-B-H7-L1,ACE0049-H07-pooled,eACE010-eAME004,B,1,XQB-064
16S-B-A8-L1,ACE0049-A08-pooled,eACE010-eAME004,B,1,XRA-001
16S-B-B8-L1,ACE0049-B08-pooled,eACE010-eAME004,B,1,XRA-029
16S-B-C8-L1,ACE0049-C08-pooled,eACE010-eAME004,B,1,XRA-036
16S-B-D8-L1,ACE0049-D08-pooled,eACE010-eAME004,B,1,XRA-064
16S-B-E8-L1,ACE0049-E08-pooled,eACE010-eAME004,B,1,XRB-002
16S-B-F8-L1,ACE0049-F08-pooled,eACE010-eAME004,B,1,XRB-029
16S-B-G8-L1,ACE0049-G08-pooled,eACE010-eAME004,B,1,XRB-036
16S-B-H8-L1,ACE0049-H08-pooled,eACE010-eAME004,B,1,XRB-059
16S-B-A9-L1,ACE0049-A09-pooled,eACE010-eAME004,B,1,XSA-001
16S-B-B9-L1,ACE0049-B09-pooled,eACE010-eAME004,B,1,XSA-029
16S-B-C9-L1,ACE0049-C09-pooled,eACE010-eAME004,B,1,XSA-036
16S-B-D9-L1,ACE0049-D09-pooled,eACE010-eAME004,B,1,XSA-064
16S-B-E9-L1,ACE0049-E09-pooled,eACE010-eAME004,B,1,XSB-001
16S-B-F9-L1,ACE0049-F09-pooled,eACE010-eAME004,B,1,XSB-029
16S-B-G9-L1,ACE0049-G09-pooled,eACE010-eAME004,B,1,XSB-036
16S-B-H9-L1,ACE0049-H09-pooled,eACE010-eAME004,B,1,XSB-064
16S-B-A10-L1,ACE0049-A10-pooled,eACE010-eAME004,B,1,XTA-001
16S-B-B10-L1,ACE0049-B10-pooled,eACE010-eAME004,B,1,XTA-029
16S-B-C10-L1,ACE0049-C10-pooled,eACE010-eAME004,B,1,XTA-036
16S-B-D10-L1,ACE0049-D10-pooled,eACE010-eAME004,B,1,XTA-064
16S-B-E10-L1,ACE0049-E10-pooled,eACE010-eAME004,B,1,XTB-001
16S-B-F10-L1,ACE0049-F10-pooled,eACE010-eAME004,B,1,XTB-028
16S-B-G10-L1,ACE0049-G10-pooled,eACE010-eAME004,B,1,XTB-037
16S-B-H10-L1,ACE0049-H10-pooled,eACE010-eAME004,B,1,XTB-065
16S-B-A11-L1,ACE0049-A11-pooled,eACE010-eAME004,B,1,XUA-001
16S-B-B11-L1,ACE0049-B11-pooled,eACE010-eAME004,B,1,XUA-029
16S-B-C11-L1,ACE0049-C11-pooled,eACE010-eAME004,B,1,XUA-036
16S-B-D11-L1,ACE0049-D11-pooled,eACE010-eAME004,B,1,XUA-064
16S-B-E11-L1,ACE0049-E11-pooled,eACE010-eAME004,B,1,XUB-001
16S-B-F11-L1,ACE0049-F11-pooled,eACE010-eAME004,B,1,XUB-029
16S-B-G11-L1,ACE0049-G11-pooled,eACE010-eAME004,B,1,XUB-036
16S-B-H11-L1,ACE0049-H11-pooled,eACE010-eAME004,B,1,XUB-064
16S-B-A12-L1,ACE0049-A12-pooled,eACE010-eAME004,B,1,XVA-001
16S-B-B12-L1,ACE0049-B12-pooled,eACE010-eAME004,B,1,XVA-029
16S-B-C12-L1,ACE0049-C12-pooled,eACE010-eAME004,B,1,XVA-036
16S-B-D12-L1,ACE0049-D12-pooled,eACE010-eAME004,B,1,XVA-064
16S-B-E12-L1,ACE0049-E12-pooled,eACE010-eAME004,B,1,XVB-001
16S-B-F12-L1,ACE0049-F12-pooled,eACE010-eAME004,B,1,XVB-027
16S-B-G12-L1,ACE0049-G12-pooled,eACE010-eAME004,B,1,XVB-036
16S-B-H12-L1,ACE0049-H12-pooled,eACE010-eAME004,B,1,XVB-064
16S-B-A1-L2,NA,default,B,2,NA
16S-B-B1-L2,NA,default,B,2,NA
16S-B-C1-L2,NA,default,B,2,NA
16S-B-D1-L2,NA,default,B,2,NA
16S-B-E1-L2,NA,default,B,2,NA
16S-B-F1-L2,NA,default,B,2,NA
16S-B-G1-L2,NA,default,B,2,NA
16S-B-H1-L2,NA,default,B,2,NA
16S-B-A2-L2,NA,default,B,2,NA
16S-B-B2-L2,NA,default,B,2,NA
16S-B-C2-L2,NA,default,B,2,NA
16S-B-D2-L2,NA,default,B,2,NA
16S-B-E2-L2,NA,default,B,2,NA
16S-B-F2-L2,NA,default,B,2,NA
16S-B-G2-L2,NA,default,B,2,NA
16S-B-H2-L2,NA,default,B,2,NA
16S-B-A3-L2,NA,default,B,2,NA
16S-B-B3-L2,NA,default,B,2,NA
16S-B-C3-L2,NA,default,B,2,NA
16S-B-D3-L2,NA,default,B,2,NA
16S-B-E3-L2,NA,default,B,2,NA
16S-B-F3-L2,NA,default,B,2,NA
16S-B-G3-L2,NA,default,B,2,NA
16S-B-H3-L2,NA,default,B,2,NA
16S-B-A4-L2,NA,default,B,2,NA
16S-B-B4-L2,NA,default,B,2,NA
16S-B-C4-L2,NA,default,B,2,NA
16S-B-D4-L2,NA,default,B,2,NA
16S-B-E4-L2,NA,default,B,2,NA
16S-B-F4-L2,NA,default,B,2,NA
16S-B-G4-L2,NA,default,B,2,NA
16S-B-H4-L2,NA,default,B,2,NA
16S-B-A5-L2,NA,default,B,2,NA
16S-B-B5-L2,NA,default,B,2,NA
16S-B-C5-L2,NA,default,B,2,NA
16S-B-D5-L2,NA,default,B,2,NA
16S-B-E5-L2,NA,default,B,2,NA
16S-B-F5-L2,NA,default,B,2,NA
16S-B-G5-L2,NA,default,B,2,NA
16S-B-H5-L2,NA,default,B,2,NA
16S-B-A6-L2,NA,default,B,2,NA
16S-B-B6-L2,NA,default,B,2,NA
16S-B-C6-L2,NA,default,B,2,NA
16S-B-D6-L2,NA,default,B,2,NA
16S-B-E6-L2,NA,default,B,2,NA
16S-B-F6-L2,NA,default,B,2,NA
16S-B-G6-L2,NA,default,B,2,NA
16S-B-H6-L2,NA,default,B,2,NA
16S-B-A7-L2,NA,default,B,2,NA
16S-B-B7-L2,NA,default,B,2,NA
16S-B-C7-L2,NA,default,B,2,NA
16S-B-D7-L2,NA,default,B,2,NA
16S-B-E7-L2,NA,default,B,2,NA
16S-B-F7-L2,NA,default,B,2,NA
16S-B-G7-L2,NA,default,B,2,NA
16S-B-H7-L2,NA,default,B,2,NA
16S-B-A8-L2,NA,default,B,2,NA
16S-B-B8-L2,NA,default,B,2,NA
16S-B-C8-L2,NA,default,B,2,NA
16S-B-D8-L2,NA,default,B,2,NA
16S-B-E8-L2,NA,default,B,2,NA
16S-B-F8-L2,NA,default,B,2,NA
16S-B-G8-L2,NA,default,B,2,NA
16S-B-H8-L2,NA,default,B,2,NA
16S-B-A9-L2,NA,default,B,2,NA
16S-B-B9-L2,NA,default,B,2,NA
16S-B-C9-L2,NA,default,B,2,NA
16S-B-D9-L2,NA,default,B,2,NA
16S-B-E9-L2,NA,default,B,2,NA
16S-B-F9-L2,NA,default,B,2,NA
16S-B-G9-L2,NA,default,B,2,NA
16S-B-H9-L2,NA,default,B,2,NA
16S-B-A10-L2,NA,default,B,2,NA
16S-B-B10-L2,NA,default,B,2,NA
16S-B-C10-L2,NA,default,B,2,NA
16S-B-D10-L2,NA,default,B,2,NA
16S-B-E10-L2,NA,default,B,2,NA
16S-B-F10-L2,NA,default,B,2,NA
16S-B-G10-L2,NA,default,B,2,NA
16S-B-H10-L2,NA,default,B,2,NA
16S-B-A11-L2,NA,default,B,2,NA
16S-B-B11-L2,NA,default,B,2,NA
16S-B-C11-L2,NA,default,B,2,NA
16S-B-D11-L2,NA,default,B,2,NA
16S-B-E11-L2,NA,default,B,2,NA
16S-B-F11-L2,NA,default,B,2,NA
16S-B-G11-L2,NA,default,B,2,NA
16S-B-H11-L2,NA,default,B,2,NA
16S-B-A12-L2,NA,default,B,2,NA
16S-B-B12-L2,NA,default,B,2,NA
16S-B-C12-L2,NA,default,B,2,NA
16S-B-D12-L2,NA,default,B,2,NA
16S-B-E12-L2,NA,default,B,2,NA
16S-B-F12-L2,NA,default,B,2,NA
16S-B-G12-L2,NA,default,B,2,NA
16S-B-H12-L2,NA,default,B,2,NA
16S-B-A1-L3,NA,default,B,3,NA
16S-B-B1-L3,NA,default,B,3,NA
16S-B-C1-L3,NA,default,B,3,NA
16S-B-D1-L3,NA,default,B,3,NA
16S-B-E1-L3,NA,default,B,3,NA
16S-B-F1-L3,NA,default,B,3,NA
16S-B-G1-L3,NA,default,B,3,NA
16S-B-H1-L3,NA,default,B,3,NA
16S-B-A2-L3,NA,default,B,3,NA
16S-B-B2-L3,NA,default,B,3,NA
16S-B-C2-L3,NA,default,B,3,NA
16S-B-D2-L3,NA,default,B,3,NA
16S-B-E2-L3,NA,default,B,3,NA
16S-B-F2-L3,NA,default,B,3,NA
16S-B-G2-L3,NA,default,B,3,NA
16S-B-H2-L3,NA,default,B,3,NA
16S-B-A3-L3,NA,default,B,3,NA
16S-B-B3-L3,NA,default,B,3,NA
16S-B-C3-L3,NA,default,B,3,NA
16S-B-D3-L3,NA,default,B,3,NA
16S-B-E3-L3,NA,default,B,3,NA
16S-B-F3-L3,NA,default,B,3,NA
16S-B-G3-L3,NA,default,B,3,NA
16S-B-H3-L3,NA,default,B,3,NA
16S-B-A4-L3,NA,default,B,3,NA
16S-B-B4-L3,NA,default,B,3,NA
16S-B-C4-L3,NA,default,B,3,NA
16S-B-D4-L3,NA,default,B,3,NA
16S-B-E4-L3,NA,default,B,3,NA
16S-B-F4-L3,NA,default,B,3,NA
16S-B-G4-L3,NA,default,B,3,NA
16S-B-H4-L3,NA,default,B,3,NA
16S-B-A5-L3,NA,default,B,3,NA
16S-B-B5-L3,NA,default,B,3,NA
16S-B-C5-L3,NA,default,B,3,NA
16S-B-D5-L3,NA,default,B,3,NA
16S-B-E5-L3,NA,default,B,3,NA
16S-B-F5-L3,NA,default,B,3,NA
16S-B-G5-L3,NA,default,B,3,NA
16S-B-H5-L3,NA,default,B,3,NA
16S-B-A6-L3,NA,default,B,3,NA
16S-B-B6-L3,NA,default,B,3,NA
16S-B-C6-L3,NA,default,B,3,NA
16S-B-D6-L3,NA,default,B,3,NA
16S-B-E6-L3,NA,default,B,3,NA
16S-B-F6-L3,NA,default,B,3,NA
16S-B-G6-L3,NA,default,B,3,NA
16S-B-H6-L3,NA,default,B,3,NA
16S-B-A7-L3,NA,default,B,3,NA
16S-B-B7-L3,NA,default,B,3,NA
16S-B-C7-L3,NA,default,B,3,NA
16S-B-D7-L3,NA,default,B,3,NA
16S-B-E7-L3,NA,default,B,3,NA
16S-B-F7-L3,NA,default,B,3,NA
16S-B-G7-L3,NA,default,B,3,NA
16S-B-H7-L3,NA,default,B,3,NA
16S-B-A8-L3,NA,default,B,3,NA
16S-B-B8-L3,NA,default,B,3,NA
16S-B-C8-L3,NA,default,B,3,NA
16S-B-D8-L3,NA,default,B,3,NA
16S-B-E8-L3,NA,default,B,3,NA
16S-B-F8-L3,NA,default,B,3,NA
16S-B-G8-L3,NA,default,B,3,NA
16S-B-H8-L3,NA,default,B,3,NA
16S-B-A9-L3,NA,default,B,3,NA
16S-B-B9-L3,NA,default,B,3,NA
16S-B-C9-L3,NA,default,B,3,NA
16S-B-D9-L3,NA,default,B,3,NA
16S-B-E9-L3,NA,default,B,3,NA
16S-B-F9-L3,NA,default,B,3,NA
16S-B-G9-L3,NA,default,B,3,NA
16S-B-H9-L3,NA,default,B,3,NA
16S-B-A10-L3,NA,default,B,3,NA
16S-B-B10-L3,NA,default,B,3,NA
16S-B-C10-L3,NA,default,B,3,NA
16S-B-D10-L3,NA,default,B,3,NA
16S-B-E10-L3,NA,default,B,3,NA
16S-B-F10-L3,NA,default,B,3,NA
16S-B-G10-L3,NA,default,B,3,NA
16S-B-H10-L3,NA,default,B,3,NA
16S-B-A11-L3,NA,default,B,3,NA
16S-B-B11-L3,NA,default,B,3,NA
16S-B-C11-L3,NA,default,B,3,NA
16S-B-D11-L3,NA,default,B,3,NA
16S-B-E11-L3,NA,default,B,3,NA
16S-B-F11-L3,NA,default,B,3,NA
16S-B-G11-L3,NA,default,B,3,NA
16S-B-H11-L3,NA,default,B,3,NA
16S-B-A12-L3,NA,default,B,3,NA
16S-B-B12-L3,NA,default,B,3,NA
16S-B-C12-L3,NA,default,B,3,NA
16S-B-D12-L3,NA,default,B,3,NA
16S-B-E12-L3,NA,default,B,3,NA
16S-B-F12-L3,NA,default,B,3,NA
16S-B-G12-L3,NA,default,B,3,NA
16S-B-H12-L3,NA,default,B,3,NA
16S-B-A1-L4,NA,default,B,4,NA
16S-B-B1-L4,NA,default,B,4,NA
16S-B-C1-L4,NA,default,B,4,NA
16S-B-D1-L4,NA,default,B,4,NA
16S-B-E1-L4,NA,default,B,4,NA
16S-B-F1-L4,NA,default,B,4,NA
16S-B-G1-L4,NA,default,B,4,NA
16S-B-H1-L4,NA,default,B,4,NA
16S-B-A2-L4,NA,default,B,4,NA
16S-B-B2-L4,NA,default,B,4,NA
16S-B-C2-L4,NA,default,B,4,NA
16S-B-D2-L4,NA,default,B,4,NA
16S-B-E2-L4,NA,default,B,4,NA
16S-B-F2-L4,NA,default,B,4,NA
16S-B-G2-L4,NA,default,B,4,NA
16S-B-H2-L4,NA,default,B,4,NA
16S-B-A3-L4,NA,default,B,4,NA
16S-B-B3-L4,NA,default,B,4,NA
16S-B-C3-L4,NA,default,B,4,NA
16S-B-D3-L4,NA,default,B,4,NA
16S-B-E3-L4,NA,default,B,4,NA
16S-B-F3-L4,NA,default,B,4,NA
16S-B-G3-L4,NA,default,B,4,NA
16S-B-H3-L4,NA,default,B,4,NA
16S-B-A4-L4,NA,default,B,4,NA
16S-B-B4-L4,NA,default,B,4,NA
16S-B-C4-L4,NA,default,B,4,NA
16S-B-D4-L4,NA,default,B,4,NA
16S-B-E4-L4,NA,default,B,4,NA
16S-B-F4-L4,NA,default,B,4,NA
16S-B-G4-L4,NA,default,B,4,NA
16S-B-H4-L4,NA,default,B,4,NA
16S-B-A5-L4,NA,default,B,4,NA
16S-B-B5-L4,NA,default,B,4,NA
16S-B-C5-L4,NA,default,B,4,NA
16S-B-D5-L4,NA,default,B,4,NA
16S-B-E5-L4,NA,default,B,4,NA
16S-B-F5-L4,NA,default,B,4,NA
16S-B-G5-L4,NA,default,B,4,NA
16S-B-H5-L4,NA,default,B,4,NA
16S-B-A6-L4,NA,default,B,4,NA
16S-B-B6-L4,NA,default,B,4,NA
16S-B-C6-L4,NA,default,B,4,NA
16S-B-D6-L4,NA,default,B,4,NA
16S-B-E6-L4,NA,default,B,4,NA
16S-B-F6-L4,NA,default,B,4,NA
16S-B-G6-L4,NA,default,B,4,NA
16S-B-H6-L4,NA,default,B,4,NA
16S-B-A7-L4,NA,default,B,4,NA
16S-B-B7-L4,NA,default,B,4,NA
16S-B-C7-L4,NA,default,B,4,NA
16S-B-D7-L4,NA,default,B,4,NA
16S-B-E7-L4,NA,default,B,4,NA
16S-B-F7-L4,NA,default,B,4,NA
16S-B-G7-L4,NA,default,B,4,NA
16S-B-H7-L4,NA,default,B,4,NA
16S-B-A8-L4,NA,default,B,4,NA
16S-B-B8-L4,NA,default,B,4,NA
16S-B-C8-L4,NA,default,B,4,NA
16S-B-D8-L4,NA,default,B,4,NA
16S-B-E8-L4,NA,default,B,4,NA
16S-B-F8-L4,NA,default,B,4,NA
16S-B-G8-L4,NA,default,B,4,NA
16S-B-H8-L4,NA,default,B,4,NA
16S-B-A9-L4,NA,default,B,4,NA
16S-B-B9-L4,NA,default,B,4,NA
16S-B-C9-L4,NA,default,B,4,NA
16S-B-D9-L4,NA,default,B,4,NA
16S-B-E9-L4,NA,default,B,4,NA
16S-B-F9-L4,NA,default,B,4,NA
16S-B-G9-L4,NA,default,B,4,NA
16S-B-H9-L4,NA,default,B,4,NA
16S-B-A10-L4,NA,default,B,4,NA
16S-B-B10-L4,NA,default,B,4,NA
16S-B-C10-L4,NA,default,B,4,NA
16S-B-D10-L4,NA,default,B,4,NA
16S-B-E10-L4,NA,default,B,4,NA
16S-B-F10-L4,NA,default,B,4,NA
16S-B-G10-L4,NA,default,B,4,NA
16S-B-H10-L4,NA,default,B,4,NA
16S-B-A11-L4,NA,default,B,4,NA
16S-B-B11-L4,NA,default,B,4,NA
16S-B-C11-L4,NA,default,B,4,NA
16S-B-D11-L4,NA,default,B,4,NA
16S-B-E11-L4,NA,default,B,4,NA
16S-B-F11-L4,NA,default,B,4,NA
16S-B-G11-L4,NA,default,B,4,NA
16S-B-H11-L4,NA,default,B,4,NA
16S-B-A12-L4,NA,default,B,4,NA
16S-B-B12-L4,NA,default,B,4,NA
16S-B-C12-L4,NA,default,B,4,NA
16S-B-D12-L4,NA,default,B,4,NA
16S-B-E12-L4,NA,default,B,4,NA
16S-B-F12-L4,NA,default,B,4,NA
16S-B-G12-L4,NA,default,B,4,NA
16S-B-H12-L4,NA,default,B,4,NA
16S-B-A1-L5,NA,default,B,5,NA
16S-B-B1-L5,NA,default,B,5,NA
16S-B-C1-L5,NA,default,B,5,NA
16S-B-D1-L5,NA,default,B,5,NA
16S-B-E1-L5,NA,default,B,5,NA
16S-B-F1-L5,NA,default,B,5,NA
16S-B-G1-L5,NA,default,B,5,NA
16S-B-H1-L5,NA,default,B,5,NA
16S-B-A2-L5,NA,default,B,5,NA
16S-B-B2-L5,NA,default,B,5,NA
16S-B-C2-L5,NA,default,B,5,NA
16S-B-D2-L5,NA,default,B,5,NA
16S-B-E2-L5,NA,default,B,5,NA
16S-B-F2-L5,NA,default,B,5,NA
16S-B-G2-L5,NA,default,B,5,NA
16S-B-H2-L5,NA,default,B,5,NA
16S-B-A3-L5,NA,default,B,5,NA
16S-B-B3-L5,NA,default,B,5,NA
16S-B-C3-L5,NA,default,B,5,NA
16S-B-D3-L5,NA,default,B,5,NA
16S-B-E3-L5,NA,default,B,5,NA
16S-B-F3-L5,NA,default,B,5,NA
16S-B-G3-L5,NA,default,B,5,NA
16S-B-H3-L5,NA,default,B,5,NA
16S-B-A4-L5,NA,default,B,5,NA
16S-B-B4-L5,NA,default,B,5,NA
16S-B-C4-L5,NA,default,B,5,NA
16S-B-D4-L5,NA,default,B,5,NA
16S-B-E4-L5,NA,default,B,5,NA
16S-B-F4-L5,NA,default,B,5,NA
16S-B-G4-L5,NA,default,B,5,NA
16S-B-H4-L5,NA,default,B,5,NA
16S-B-A5-L5,NA,default,B,5,NA
16S-B-B5-L5,NA,default,B,5,NA
16S-B-C5-L5,NA,default,B,5,NA
16S-B-D5-L5,NA,default,B,5,NA
16S-B-E5-L5,NA,default,B,5,NA
16S-B-F5-L5,NA,default,B,5,NA
16S-B-G5-L5,NA,default,B,5,NA
16S-B-H5-L5,NA,default,B,5,NA
16S-B-A6-L5,NA,default,B,5,NA
16S-B-B6-L5,NA,default,B,5,NA
16S-B-C6-L5,NA,default,B,5,NA
16S-B-D6-L5,NA,default,B,5,NA
16S-B-E6-L5,NA,default,B,5,NA
16S-B-F6-L5,NA,default,B,5,NA
16S-B-G6-L5,NA,default,B,5,NA
16S-B-H6-L5,NA,default,B,5,NA
16S-B-A7-L5,NA,default,B,5,NA
16S-B-B7-L5,NA,default,B,5,NA
16S-B-C7-L5,NA,default,B,5,NA
16S-B-D7-L5,NA,default,B,5,NA
16S-B-E7-L5,NA,default,B,5,NA
16S-B-F7-L5,NA,default,B,5,NA
16S-B-G7-L5,NA,default,B,5,NA
16S-B-H7-L5,NA,default,B,5,NA
16S-B-A8-L5,NA,default,B,5,NA
16S-B-B8-L5,NA,default,B,5,NA
16S-B-C8-L5,NA,default,B,5,NA
16S-B-D8-L5,NA,default,B,5,NA
16S-B-E8-L5,NA,default,B,5,NA
16S-B-F8-L5,NA,default,B,5,NA
16S-B-G8-L5,NA,default,B,5,NA
16S-B-H8-L5,NA,default,B,5,NA
16S-B-A9-L5,NA,default,B,5,NA
16S-B-B9-L5,NA,default,B,5,NA
16S-B-C9-L5,NA,default,B,5,NA
16S-B-D9-L5,NA,default,B,5,NA
16S-B-E9-L5,NA,default,B,5,NA
16S-B-F9-L5,NA,default,B,5,NA
16S-B-G9-L5,NA,default,B,5,NA
16S-B-H9-L5,NA,default,B,5,NA
16S-B-A10-L5,NA,default,B,5,NA
16S-B-B10-L5,NA,default,B,5,NA
16S-B-C10-L5,NA,default,B,5,NA
16S-B-D10-L5,NA,default,B,5,NA
16S-B-E10-L5,NA,default,B,5,NA
16S-B-F10-L5,NA,default,B,5,NA
16S-B-G10-L5,NA,default,B,5,NA
16S-B-H10-L5,NA,default,B,5,NA
16S-B-A11-L5,NA,default,B,5,NA
16S-B-B11-L5,NA,default,B,5,NA
16S-B-C11-L5,NA,default,B,5,NA
16S-B-D11-L5,NA,default,B,5,NA
16S-B-E11-L5,NA,default,B,5,NA
16S-B-F11-L5,NA,default,B,5,NA
16S-B-G11-L5,NA,default,B,5,NA
16S-B-H11-L5,NA,default,B,5,NA
16S-B-A12-L5,NA,default,B,5,NA
16S-B-B12-L5,NA,default,B,5,NA
16S-B-C12-L5,NA,default,B,5,NA
16S-B-D12-L5,NA,default,B,5,NA
16S-B-E12-L5,NA,default,B,5,NA
16S-B-F12-L5,NA,default,B,5,NA
16S-B-G12-L5,NA,default,B,5,NA
16S-B-H12-L5,NA,default,B,5,NA
16S-B-A1-L6,NA,default,B,6,NA
16S-B-B1-L6,NA,default,B,6,NA
16S-B-C1-L6,NA,default,B,6,NA
16S-B-D1-L6,NA,default,B,6,NA
16S-B-E1-L6,NA,default,B,6,NA
16S-B-F1-L6,NA,default,B,6,NA
16S-B-G1-L6,NA,default,B,6,NA
16S-B-H1-L6,NA,default,B,6,NA
16S-B-A2-L6,NA,default,B,6,NA
16S-B-B2-L6,NA,default,B,6,NA
16S-B-C2-L6,NA,default,B,6,NA
16S-B-D2-L6,NA,default,B,6,NA
16S-B-E2-L6,NA,default,B,6,NA
16S-B-F2-L6,NA,default,B,6,NA
16S-B-G2-L6,NA,default,B,6,NA
16S-B-H2-L6,NA,default,B,6,NA
16S-B-A3-L6,NA,default,B,6,NA
16S-B-B3-L6,NA,default,B,6,NA
16S-B-C3-L6,NA,default,B,6,NA
16S-B-D3-L6,NA,default,B,6,NA
16S-B-E3-L6,NA,default,B,6,NA
16S-B-F3-L6,NA,default,B,6,NA
16S-B-G3-L6,NA,default,B,6,NA
16S-B-H3-L6,NA,default,B,6,NA
16S-B-A4-L6,NA,default,B,6,NA
16S-B-B4-L6,NA,default,B,6,NA
16S-B-C4-L6,NA,default,B,6,NA
16S-B-D4-L6,NA,default,B,6,NA
16S-B-E4-L6,NA,default,B,6,NA
16S-B-F4-L6,NA,default,B,6,NA
16S-B-G4-L6,NA,default,B,6,NA
16S-B-H4-L6,NA,default,B,6,NA
16S-B-A5-L6,NA,default,B,6,NA
16S-B-B5-L6,NA,default,B,6,NA
16S-B-C5-L6,NA,default,B,6,NA
16S-B-D5-L6,NA,default,B,6,NA
16S-B-E5-L6,NA,default,B,6,NA
16S-B-F5-L6,NA,default,B,6,NA
16S-B-G5-L6,NA,default,B,6,NA
16S-B-H5-L6,NA,default,B,6,NA
16S-B-A6-L6,NA,default,B,6,NA
16S-B-B6-L6,NA,default,B,6,NA
16S-B-C6-L6,NA,default,B,6,NA
16S-B-D6-L6,NA,default,B,6,NA
16S-B-E6-L6,NA,default,B,6,NA
16S-B-F6-L6,NA,default,B,6,NA
16S-B-G6-L6,NA,default,B,6,NA
16S-B-H6-L6,NA,default,B,6,NA
16S-B-A7-L6,NA,default,B,6,NA
16S-B-B7-L6,NA,default,B,6,NA
16S-B-C7-L6,NA,default,B,6,NA
16S-B-D7-L6,NA,default,B,6,NA
16S-B-E7-L6,NA,default,B,6,NA
16S-B-F7-L6,NA,default,B,6,NA
16S-B-G7-L6,NA,default,B,6,NA
16S-B-H7-L6,NA,default,B,6,NA
16S-B-A8-L6,NA,default,B,6,NA
16S-B-B8-L6,NA,default,B,6,NA
16S-B-C8-L6,NA,default,B,6,NA
16S-B-D8-L6,NA,default,B,6,NA
16S-B-E8-L6,NA,default,B,6,NA
16S-B-F8-L6,NA,default,B,6,NA
16S-B-G8-L6,NA,default,B,6,NA
16S-B-H8-L6,NA,default,B,6,NA
16S-B-A9-L6,NA,default,B,6,NA
16S-B-B9-L6,NA,default,B,6,NA
16S-B-C9-L6,NA,default,B,6,NA
16S-B-D9-L6,NA,default,B,6,NA
16S-B-E9-L6,NA,default,B,6,NA
16S-B-F9-L6,NA,default,B,6,NA
16S-B-G9-L6,NA,default,B,6,NA
16S-B-H9-L6,NA,default,B,6,NA
16S-B-A10-L6,NA,default,B,6,NA
16S-B-B10-L6,NA,default,B,6,NA
16S-B-C10-L6,NA,default,B,6,NA
16S-B-D10-L6,NA,default,B,6,NA
16S-B-E10-L6,NA,default,B,6,NA
16S-B-F10-L6,NA,default,B,6,NA
16S-B-G10-L6,NA,default,B,6,NA
16S-B-H10-L6,NA,default,B,6,NA
16S-B-A11-L6,NA,default,B,6,NA
16S-B-B11-L6,NA,default,B,6,NA
16S-B-C11-L6,NA,default,B,6,NA
16S-B-D11-L6,NA,default,B,6,NA
16S-B-E11-L6,NA,default,B,6,NA
16S-B-F11-L6,NA,default,B,6,NA
16S-B-G11-L6,NA,default,B,6,NA
16S-B-H11-L6,NA,default,B,6,NA
16S-B-A12-L6,NA,default,B,6,NA
16S-B-B12-L6,NA,default,B,6,NA
16S-B-C12-L6,NA,default,B,6,NA
16S-B-D12-L6,NA,default,B,6,NA
16S-B-E12-L6,NA,default,B,6,NA
16S-B-F12-L6,NA,default,B,6,NA
16S-B-G12-L6,NA,default,B,6,NA
16S-B-H12-L6,NA,default,B,6,NA
16S-B-A1-L7,NA,default,B,7,NA
16S-B-B1-L7,NA,default,B,7,NA
16S-B-C1-L7,NA,default,B,7,NA
16S-B-D1-L7,NA,default,B,7,NA
16S-B-E1-L7,NA,default,B,7,NA
16S-B-F1-L7,NA,default,B,7,NA
16S-B-G1-L7,NA,default,B,7,NA
16S-B-H1-L7,NA,default,B,7,NA
16S-B-A2-L7,NA,default,B,7,NA
16S-B-B2-L7,NA,default,B,7,NA
16S-B-C2-L7,NA,default,B,7,NA
16S-B-D2-L7,NA,default,B,7,NA
16S-B-E2-L7,NA,default,B,7,NA
16S-B-F2-L7,NA,default,B,7,NA
16S-B-G2-L7,NA,default,B,7,NA
16S-B-H2-L7,NA,default,B,7,NA
16S-B-A3-L7,NA,default,B,7,NA
16S-B-B3-L7,NA,default,B,7,NA
16S-B-C3-L7,NA,default,B,7,NA
16S-B-D3-L7,NA,default,B,7,NA
16S-B-E3-L7,NA,default,B,7,NA
16S-B-F3-L7,NA,default,B,7,NA
16S-B-G3-L7,NA,default,B,7,NA
16S-B-H3-L7,NA,default,B,7,NA
16S-B-A4-L7,NA,default,B,7,NA
16S-B-B4-L7,NA,default,B,7,NA
16S-B-C4-L7,NA,default,B,7,NA
16S-B-D4-L7,NA,default,B,7,NA
16S-B-E4-L7,NA,default,B,7,NA
16S-B-F4-L7,NA,default,B,7,NA
16S-B-G4-L7,NA,default,B,7,NA
16S-B-H4-L7,NA,default,B,7,NA
16S-B-A5-L7,NA,default,B,7,NA
16S-B-B5-L7,NA,default,B,7,NA
16S-B-C5-L7,NA,default,B,7,NA
16S-B-D5-L7,NA,default,B,7,NA
16S-B-E5-L7,NA,default,B,7,NA
16S-B-F5-L7,NA,default,B,7,NA
16S-B-G5-L7,NA,default,B,7,NA
16S-B-H5-L7,NA,default,B,7,NA
16S-B-A6-L7,NA,default,B,7,NA
16S-B-B6-L7,NA,default,B,7,NA
16S-B-C6-L7,NA,default,B,7,NA
16S-B-D6-L7,NA,default,B,7,NA
16S-B-E6-L7,NA,default,B,7,NA
16S-B-F6-L7,NA,default,B,7,NA
16S-B-G6-L7,NA,default,B,7,NA
16S-B-H6-L7,NA,default,B,7,NA
16S-B-A7-L7,NA,default,B,7,NA
16S-B-B7-L7,NA,default,B,7,NA
16S-B-C7-L7,NA,default,B,7,NA
16S-B-D7-L7,NA,default,B,7,NA
16S-B-E7-L7,NA,default,B,7,NA
16S-B-F7-L7,NA,default,B,7,NA
16S-B-G7-L7,NA,default,B,7,NA
16S-B-H7-L7,NA,default,B,7,NA
16S-B-A8-L7,NA,default,B,7,NA
16S-B-B8-L7,NA,default,B,7,NA
16S-B-C8-L7,NA,default,B,7,NA
16S-B-D8-L7,NA,default,B,7,NA
16S-B-E8-L7,NA,default,B,7,NA
16S-B-F8-L7,NA,default,B,7,NA
16S-B-G8-L7,NA,default,B,7,NA
16S-B-H8-L7,NA,default,B,7,NA
16S-B-A9-L7,NA,default,B,7,NA
16S-B-B9-L7,NA,default,B,7,NA
16S-B-C9-L7,NA,default,B,7,NA
16S-B-D9-L7,NA,default,B,7,NA
16S-B-E9-L7,NA,default,B,7,NA
16S-B-F9-L7,NA,default,B,7,NA
16S-B-G9-L7,NA,default,B,7,NA
16S-B-H9-L7,NA,default,B,7,NA
16S-B-A10-L7,NA,default,B,7,NA
16S-B-B10-L7,NA,default,B,7,NA
16S-B-C10-L7,NA,default,B,7,NA
16S-B-D10-L7,NA,default,B,7,NA
16S-B-E10-L7,NA,default,B,7,NA
16S-B-F10-L7,NA,default,B,7,NA
16S-B-G10-L7,NA,default,B,7,NA
16S-B-H10-L7,NA,default,B,7,NA
16S-B-A11-L7,NA,default,B,7,NA
16S-B-B11-L7,NA,default,B,7,NA
16S-B-C11-L7,NA,default,B,7,NA
16S-B-D11-L7,NA,default,B,7,NA
16S-B-E11-L7,NA,default,B,7,NA
16S-B-F11-L7,NA,default,B,7,NA
16S-B-G11-L7,NA,default,B,7,NA
16S-B-H11-L7,NA,default,B,7,NA
16S-B-A12-L7,NA,default,B,7,NA
16S-B-B12-L7,NA,default,B,7,NA
16S-B-C12-L7,NA,default,B,7,NA
16S-B-D12-L7,NA,default,B,7,NA
16S-B-E12-L7,NA,default,B,7,NA
16S-B-F12-L7,NA,default,B,7,NA
16S-B-G12-L7,NA,default,B,7,NA
16S-B-H12-L7,NA,default,B,7,NA
16S-C-A1-L0,Jang-A01,JangLab,C,0,3-7-1
16S-C-B1-L0,Jang-B01,JangLab,C,0,3-8-1
16S-C-C1-L0,Jang-C01,JangLab,C,0,1-7-14-1-1
16S-C-D1-L0,Jang-D01,JangLab,C,0,14-1-2
16S-C-E1-L0,Jang-E01,JangLab,C,0,14-1-20
16S-C-F1-L0,Jang-F01,JangLab,C,0,1-7-15-1-1
16S-C-G1-L0,Jang-G01,JangLab,C,0,15-1-3
16S-C-H1-L0,Jang-H01,JangLab,C,0,15-1-10
16S-C-A2-L0,Jang-A02,JangLab,C,0,3-7-2
16S-C-B2-L0,Jang-B02,JangLab,C,0,3-8-2
16S-C-C2-L0,Jang-C02,JangLab,C,0,1-7-15-2-1
16S-C-D2-L0,Jang-D02,JangLab,C,0,15-2-20
16S-C-E2-L0,Jang-E02,JangLab,C,0,15-2-no
16S-C-F2-L0,Jang-F02,JangLab,C,0,1-7-17-2
16S-C-G2-L0,Jang-G02,JangLab,C,0,1-7-17-3
16S-C-H2-L0,Jang-H02,JangLab,C,0,1-7-17-10
16S-C-A3-L0,Jang-A03,JangLab,C,0,3-7-3
16S-C-B3-L0,Jang-B03,JangLab,C,0,3-8-3
16S-C-C3-L0,Jang-C03,JangLab,C,0,3-1-1
16S-C-D3-L0,Jang-D03,JangLab,C,0,3-1-2
16S-C-E3-L0,Jang-E03,JangLab,C,0,3-1-3
16S-C-F3-L0,Jang-F03,JangLab,C,0,3-2-1
16S-C-G3-L0,Jang-G03,JangLab,C,0,3-2-2
16S-C-H3-L0,Jang-H03,JangLab,C,0,3-2-3
16S-C-A4-L0,Jang-A04,JangLab,C,0,3-9-1
16S-C-B4-L0,Jang-B04,JangLab,C,0,3-9-3
16S-C-C4-L0,Jang-C04,JangLab,C,0,3-3-1
16S-C-D4-L0,Jang-D04,JangLab,C,0,3-3-2
16S-C-E4-L0,Jang-E04,JangLab,C,0,3-3-3
16S-C-F4-L0,Jang-F04,JangLab,C,0,3-4-1
16S-C-G4-L0,Jang-G04,JangLab,C,0,3-4-2
16S-C-H4-L0,Jang-H04,JangLab,C,0,3-4-3
16S-C-A5-L0,Jang-A05,JangLab,C,0,3-9-2
16S-C-B5-L0,Jang-B05,JangLab,C,0,blank
16S-C-C5-L0,Jang-C05,JangLab,C,0,3-5-1
16S-C-D5-L0,Jang-D05,JangLab,C,0,3-5-2
16S-C-E5-L0,Jang-E05,JangLab,C,0,3-5-3
16S-C-F5-L0,Jang-F05,JangLab,C,0,3-6-1
16S-C-G5-L0,Jang-G05,JangLab,C,0,3-6-2
16S-C-H5-L0,Jang-H05,JangLab,C,0,3-6-3
16S-C-A6-L0,NA,default,C,0,NA
16S-C-B6-L0,NA,default,C,0,NA
16S-C-C6-L0,NA,default,C,0,NA
16S-C-D6-L0,NA,default,C,0,NA
16S-C-E6-L0,NA,default,C,0,NA
16S-C-F6-L0,NA,default,C,0,NA
16S-C-G6-L0,NA,default,C,0,NA
16S-C-H6-L0,NA,default,C,0,NA
16S-C-A7-L0,NA,default,C,0,NA
16S-C-B7-L0,NA,default,C,0,NA
16S-C-C7-L0,NA,default,C,0,NA
16S-C-D7-L0,NA,default,C,0,NA
16S-C-E7-L0,NA,default,C,0,NA
16S-C-F7-L0,NA,default,C,0,NA
16S-C-G7-L0,NA,default,C,0,NA
16S-C-H7-L0,NA,default,C,0,NA
16S-C-A8-L0,NA,default,C,0,NA
16S-C-B8-L0,NA,default,C,0,NA
16S-C-C8-L0,NA,default,C,0,NA
16S-C-D8-L0,NA,default,C,0,NA
16S-C-E8-L0,NA,default,C,0,NA
16S-C-F8-L0,NA,default,C,0,NA
16S-C-G8-L0,NA,default,C,0,NA
16S-C-H8-L0,NA,default,C,0,NA
16S-C-A9-L0,NA,default,C,0,NA
16S-C-B9-L0,NA,default,C,0,NA
16S-C-C9-L0,NA,default,C,0,NA
16S-C-D9-L0,NA,default,C,0,NA
16S-C-E9-L0,NA,default,C,0,NA
16S-C-F9-L0,NA,default,C,0,NA
16S-C-G9-L0,NA,default,C,0,NA
16S-C-H9-L0,NA,default,C,0,NA
16S-C-A10-L0,NA,default,C,0,NA
16S-C-B10-L0,NA,default,C,0,NA
16S-C-C10-L0,NA,default,C,0,NA
16S-C-D10-L0,NA,default,C,0,NA
16S-C-E10-L0,NA,default,C,0,NA
16S-C-F10-L0,NA,default,C,0,NA
16S-C-G10-L0,NA,default,C,0,NA
16S-C-H10-L0,NA,default,C,0,NA
16S-C-A11-L0,NA,default,C,0,NA
16S-C-B11-L0,NA,default,C,0,NA
16S-C-C11-L0,NA,default,C,0,NA
16S-C-D11-L0,NA,default,C,0,NA
16S-C-E11-L0,NA,default,C,0,NA
16S-C-F11-L0,NA,default,C,0,NA
16S-C-G11-L0,NA,default,C,0,NA
16S-C-H11-L0,NA,default,C,0,NA
16S-C-A12-L0,NA,default,C,0,NA
16S-C-B12-L0,NA,default,C,0,NA
16S-C-C12-L0,NA,default,C,0,NA
16S-C-D12-L0,NA,default,C,0,NA
16S-C-E12-L0,NA,default,C,0,NA
16S-C-F12-L0,NA,default,C,0,NA
16S-C-G12-L0,NA,default,C,0,NA
16S-C-H12-L0,NA,default,C,0,NA
16S-C-A1-L1,NA,default,C,1,NA
16S-C-B1-L1,NA,default,C,1,NA
16S-C-C1-L1,NA,default,C,1,NA
16S-C-D1-L1,NA,default,C,1,NA
16S-C-E1-L1,NA,default,C,1,NA
16S-C-F1-L1,NA,default,C,1,NA
16S-C-G1-L1,NA,default,C,1,NA
16S-C-H1-L1,NA,default,C,1,NA
16S-C-A2-L1,NA,default,C,1,NA
16S-C-B2-L1,NA,default,C,1,NA
16S-C-C2-L1,NA,default,C,1,NA
16S-C-D2-L1,NA,default,C,1,NA
16S-C-E2-L1,NA,default,C,1,NA
16S-C-F2-L1,NA,default,C,1,NA
16S-C-G2-L1,NA,default,C,1,NA
16S-C-H2-L1,NA,default,C,1,NA
16S-C-A3-L1,NA,default,C,1,NA
16S-C-B3-L1,NA,default,C,1,NA
16S-C-C3-L1,NA,default,C,1,NA
16S-C-D3-L1,NA,default,C,1,NA
16S-C-E3-L1,NA,default,C,1,NA
16S-C-F3-L1,NA,default,C,1,NA
16S-C-G3-L1,NA,default,C,1,NA
16S-C-H3-L1,NA,default,C,1,NA
16S-C-A4-L1,NA,default,C,1,NA
16S-C-B4-L1,NA,default,C,1,NA
16S-C-C4-L1,NA,default,C,1,NA
16S-C-D4-L1,NA,default,C,1,NA
16S-C-E4-L1,NA,default,C,1,NA
16S-C-F4-L1,NA,default,C,1,NA
16S-C-G4-L1,NA,default,C,1,NA
16S-C-H4-L1,NA,default,C,1,NA
16S-C-A5-L1,NA,default,C,1,NA
16S-C-B5-L1,NA,default,C,1,NA
16S-C-C5-L1,NA,default,C,1,NA
16S-C-D5-L1,NA,default,C,1,NA
16S-C-E5-L1,NA,default,C,1,NA
16S-C-F5-L1,NA,default,C,1,NA
16S-C-G5-L1,NA,default,C,1,NA
16S-C-H5-L1,NA,default,C,1,NA
16S-C-A6-L1,NA,default,C,1,NA
16S-C-B6-L1,NA,default,C,1,NA
16S-C-C6-L1,NA,default,C,1,NA
16S-C-D6-L1,NA,default,C,1,NA
16S-C-E6-L1,NA,default,C,1,NA
16S-C-F6-L1,NA,default,C,1,NA
16S-C-G6-L1,NA,default,C,1,NA
16S-C-H6-L1,NA,default,C,1,NA
16S-C-A7-L1,NA,default,C,1,NA
16S-C-B7-L1,NA,default,C,1,NA
16S-C-C7-L1,NA,default,C,1,NA
16S-C-D7-L1,NA,default,C,1,NA
16S-C-E7-L1,NA,default,C,1,NA
16S-C-F7-L1,NA,default,C,1,NA
16S-C-G7-L1,NA,default,C,1,NA
16S-C-H7-L1,NA,default,C,1,NA
16S-C-A8-L1,NA,default,C,1,NA
16S-C-B8-L1,NA,default,C,1,NA
16S-C-C8-L1,NA,default,C,1,NA
16S-C-D8-L1,NA,default,C,1,NA
16S-C-E8-L1,NA,default,C,1,NA
16S-C-F8-L1,NA,default,C,1,NA
16S-C-G8-L1,NA,default,C,1,NA
16S-C-H8-L1,NA,default,C,1,NA
16S-C-A9-L1,NA,default,C,1,NA
16S-C-B9-L1,NA,default,C,1,NA
16S-C-C9-L1,NA,default,C,1,NA
16S-C-D9-L1,NA,default,C,1,NA
16S-C-E9-L1,NA,default,C,1,NA
16S-C-F9-L1,NA,default,C,1,NA
16S-C-G9-L1,NA,default,C,1,NA
16S-C-H9-L1,NA,default,C,1,NA
16S-C-A10-L1,NA,default,C,1,NA
16S-C-B10-L1,NA,default,C,1,NA
16S-C-C10-L1,NA,default,C,1,NA
16S-C-D10-L1,NA,default,C,1,NA
16S-C-E10-L1,NA,default,C,1,NA
16S-C-F10-L1,NA,default,C,1,NA
16S-C-G10-L1,NA,default,C,1,NA
16S-C-H10-L1,NA,default,C,1,NA
16S-C-A11-L1,NA,default,C,1,NA
16S-C-B11-L1,NA,default,C,1,NA
16S-C-C11-L1,NA,default,C,1,NA
16S-C-D11-L1,NA,default,C,1,NA
16S-C-E11-L1,NA,default,C,1,NA
16S-C-F11-L1,NA,default,C,1,NA
16S-C-G11-L1,NA,default,C,1,NA
16S-C-H11-L1,NA,default,C,1,NA
16S-C-A12-L1,NA,default,C,1,NA
16S-C-B12-L1,NA,default,C,1,NA
16S-C-C12-L1,NA,default,C,1,NA
16S-C-D12-L1,NA,default,C,1,NA
16S-C-E12-L1,NA,default,C,1,NA
16S-C-F12-L1,NA,default,C,1,NA
16S-C-G12-L1,NA,default,C,1,NA
16S-C-H12-L1,NA,default,C,1,NA
16S-C-A1-L2,NA,default,C,2,NA
16S-C-B1-L2,NA,default,C,2,NA
16S-C-C1-L2,NA,default,C,2,NA
16S-C-D1-L2,NA,default,C,2,NA
16S-C-E1-L2,NA,default,C,2,NA
16S-C-F1-L2,NA,default,C,2,NA
16S-C-G1-L2,NA,default,C,2,NA
16S-C-H1-L2,NA,default,C,2,NA
16S-C-A2-L2,NA,default,C,2,NA
16S-C-B2-L2,NA,default,C,2,NA
16S-C-C2-L2,NA,default,C,2,NA
16S-C-D2-L2,NA,default,C,2,NA
16S-C-E2-L2,NA,default,C,2,NA
16S-C-F2-L2,NA,default,C,2,NA
16S-C-G2-L2,NA,default,C,2,NA
16S-C-H2-L2,NA,default,C,2,NA
16S-C-A3-L2,NA,default,C,2,NA
16S-C-B3-L2,NA,default,C,2,NA
16S-C-C3-L2,NA,default,C,2,NA
16S-C-D3-L2,NA,default,C,2,NA
16S-C-E3-L2,NA,default,C,2,NA
16S-C-F3-L2,NA,default,C,2,NA
16S-C-G3-L2,NA,default,C,2,NA
16S-C-H3-L2,NA,default,C,2,NA
16S-C-A4-L2,NA,default,C,2,NA
16S-C-B4-L2,NA,default,C,2,NA
16S-C-C4-L2,NA,default,C,2,NA
16S-C-D4-L2,NA,default,C,2,NA
16S-C-E4-L2,NA,default,C,2,NA
16S-C-F4-L2,NA,default,C,2,NA
16S-C-G4-L2,NA,default,C,2,NA
16S-C-H4-L2,NA,default,C,2,NA
16S-C-A5-L2,NA,default,C,2,NA
16S-C-B5-L2,NA,default,C,2,NA
16S-C-C5-L2,NA,default,C,2,NA
16S-C-D5-L2,NA,default,C,2,NA
16S-C-E5-L2,NA,default,C,2,NA
16S-C-F5-L2,NA,default,C,2,NA
16S-C-G5-L2,NA,default,C,2,NA
16S-C-H5-L2,NA,default,C,2,NA
16S-C-A6-L2,NA,default,C,2,NA
16S-C-B6-L2,NA,default,C,2,NA
16S-C-C6-L2,NA,default,C,2,NA
16S-C-D6-L2,NA,default,C,2,NA
16S-C-E6-L2,NA,default,C,2,NA
16S-C-F6-L2,NA,default,C,2,NA
16S-C-G6-L2,NA,default,C,2,NA
16S-C-H6-L2,NA,default,C,2,NA
16S-C-A7-L2,NA,default,C,2,NA
16S-C-B7-L2,NA,default,C,2,NA
16S-C-C7-L2,NA,default,C,2,NA
16S-C-D7-L2,NA,default,C,2,NA
16S-C-E7-L2,NA,default,C,2,NA
16S-C-F7-L2,NA,default,C,2,NA
16S-C-G7-L2,NA,default,C,2,NA
16S-C-H7-L2,NA,default,C,2,NA
16S-C-A8-L2,NA,default,C,2,NA
16S-C-B8-L2,NA,default,C,2,NA
16S-C-C8-L2,NA,default,C,2,NA
16S-C-D8-L2,NA,default,C,2,NA
16S-C-E8-L2,NA,default,C,2,NA
16S-C-F8-L2,NA,default,C,2,NA
16S-C-G8-L2,NA,default,C,2,NA
16S-C-H8-L2,NA,default,C,2,NA
16S-C-A9-L2,NA,default,C,2,NA
16S-C-B9-L2,NA,default,C,2,NA
16S-C-C9-L2,NA,default,C,2,NA
16S-C-D9-L2,NA,default,C,2,NA
16S-C-E9-L2,NA,default,C,2,NA
16S-C-F9-L2,NA,default,C,2,NA
16S-C-G9-L2,NA,default,C,2,NA
16S-C-H9-L2,NA,default,C,2,NA
16S-C-A10-L2,NA,default,C,2,NA
16S-C-B10-L2,NA,default,C,2,NA
16S-C-C10-L2,NA,default,C,2,NA
16S-C-D10-L2,NA,default,C,2,NA
16S-C-E10-L2,NA,default,C,2,NA
16S-C-F10-L2,NA,default,C,2,NA
16S-C-G10-L2,NA,default,C,2,NA
16S-C-H10-L2,NA,default,C,2,NA
16S-C-A11-L2,NA,default,C,2,NA
16S-C-B11-L2,NA,default,C,2,NA
16S-C-C11-L2,NA,default,C,2,NA
16S-C-D11-L2,NA,default,C,2,NA
16S-C-E11-L2,NA,default,C,2,NA
16S-C-F11-L2,NA,default,C,2,NA
16S-C-G11-L2,NA,default,C,2,NA
16S-C-H11-L2,NA,default,C,2,NA
16S-C-A12-L2,NA,default,C,2,NA
16S-C-B12-L2,NA,default,C,2,NA
16S-C-C12-L2,NA,default,C,2,NA
16S-C-D12-L2,NA,default,C,2,NA
16S-C-E12-L2,NA,default,C,2,NA
16S-C-F12-L2,NA,default,C,2,NA
16S-C-G12-L2,NA,default,C,2,NA
16S-C-H12-L2,NA,default,C,2,NA
16S-C-A1-L3,COMMONS-plate1-,COMMONSlab,C,3,NA
16S-C-B1-L3,COMMONS-plate1-,COMMONSlab,C,3,NA
16S-C-C1-L3,COMMONS-plate1-,COMMONSlab,C,3,NA
16S-C-D1-L3,COMMONS-plate1-,COMMONSlab,C,3,NA
16S-C-E1-L3,COMMONS-plate1-,COMMONSlab,C,3,NA
16S-C-F1-L3,COMMONS-plate1-,COMMONSlab,C,3,NA
16S-C-G1-L3,COMMONS-plate1-,COMMONSlab,C,3,NA
16S-C-H1-L3,COMMONS-plate1-,COMMONSlab,C,3,NA
16S-C-A2-L3,COMMONS-plate1-,COMMONSlab,C,3,NA
16S-C-B2-L3,COMMONS-plate1-,COMMONSlab,C,3,NA
16S-C-C2-L3,COMMONS-plate1-,COMMONSlab,C,3,NA
16S-C-D2-L3,COMMONS-plate1-,COMMONSlab,C,3,NA
16S-C-E2-L3,COMMONS-plate1-,COMMONSlab,C,3,NA
16S-C-F2-L3,COMMONS-plate1-,COMMONSlab,C,3,NA
16S-C-G2-L3,COMMONS-plate1-,COMMONSlab,C,3,NA
16S-C-H2-L3,COMMONS-plate1-,COMMONSlab,C,3,NA
16S-C-A3-L3,COMMONS-plate1-,COMMONSlab,C,3,NA
16S-C-B3-L3,COMMONS-plate1-,COMMONSlab,C,3,NA
16S-C-C3-L3,COMMONS-plate1-,COMMONSlab,C,3,NA
16S-C-D3-L3,COMMONS-plate1-,COMMONSlab,C,3,NA
16S-C-E3-L3,COMMONS-plate1-,COMMONSlab,C,3,NA
16S-C-F3-L3,COMMONS-plate1-,COMMONSlab,C,3,NA
16S-C-G3-L3,COMMONS-plate1-,COMMONSlab,C,3,NA
16S-C-H3-L3,COMMONS-plate1-,COMMONSlab,C,3,NA
16S-C-A4-L3,COMMONS-plate1-,COMMONSlab,C,3,NA
16S-C-B4-L3,COMMONS-plate1-,COMMONSlab,C,3,NA
16S-C-C4-L3,COMMONS-plate1-,COMMONSlab,C,3,NA
16S-C-D4-L3,COMMONS-plate1-,COMMONSlab,C,3,NA
16S-C-E4-L3,COMMONS-plate1-,COMMONSlab,C,3,NA
16S-C-F4-L3,COMMONS-plate1-,COMMONSlab,C,3,NA
16S-C-G4-L3,COMMONS-plate1-,COMMONSlab,C,3,NA
16S-C-H4-L3,COMMONS-plate1-,COMMONSlab,C,3,NA
16S-C-A5-L3,COMMONS-plate1-,COMMONSlab,C,3,NA
16S-C-B5-L3,COMMONS-plate1-,COMMONSlab,C,3,NA
16S-C-C5-L3,COMMONS-plate1-,COMMONSlab,C,3,NA
16S-C-D5-L3,COMMONS-plate1-,COMMONSlab,C,3,NA
16S-C-E5-L3,COMMONS-plate1-,COMMONSlab,C,3,NA
16S-C-F5-L3,COMMONS-plate1-,COMMONSlab,C,3,NA
16S-C-G5-L3,COMMONS-plate1-,COMMONSlab,C,3,NA
16S-C-H5-L3,COMMONS-plate1-,COMMONSlab,C,3,NA
16S-C-A6-L3,COMMONS-plate1-,COMMONSlab,C,3,NA
16S-C-B6-L3,COMMONS-plate1-,COMMONSlab,C,3,NA
16S-C-C6-L3,COMMONS-plate1-,COMMONSlab,C,3,NA
16S-C-D6-L3,COMMONS-plate1-,COMMONSlab,C,3,NA
16S-C-E6-L3,COMMONS-plate1-,COMMONSlab,C,3,NA
16S-C-F6-L3,COMMONS-plate1-,COMMONSlab,C,3,NA
16S-C-G6-L3,COMMONS-plate1-,COMMONSlab,C,3,NA
16S-C-H6-L3,COMMONS-plate1-,COMMONSlab,C,3,NA
16S-C-A7-L3,COMMONS-plate1-,COMMONSlab,C,3,NA
16S-C-B7-L3,COMMONS-plate1-,COMMONSlab,C,3,NA
16S-C-C7-L3,COMMONS-plate1-,COMMONSlab,C,3,NA
16S-C-D7-L3,COMMONS-plate1-,COMMONSlab,C,3,NA
16S-C-E7-L3,COMMONS-plate1-,COMMONSlab,C,3,NA
16S-C-F7-L3,COMMONS-plate1-,COMMONSlab,C,3,NA
16S-C-G7-L3,COMMONS-plate1-,COMMONSlab,C,3,NA
16S-C-H7-L3,COMMONS-plate1-,COMMONSlab,C,3,NA
16S-C-A8-L3,COMMONS-plate1-,COMMONSlab,C,3,NA
16S-C-B8-L3,COMMONS-plate1-,COMMONSlab,C,3,NA
16S-C-C8-L3,COMMONS-plate1-,COMMONSlab,C,3,NA
16S-C-D8-L3,COMMONS-plate1-,COMMONSlab,C,3,NA
16S-C-E8-L3,COMMONS-plate1-,COMMONSlab,C,3,NA
16S-C-F8-L3,COMMONS-plate1-,COMMONSlab,C,3,NA
16S-C-G8-L3,COMMONS-plate1-,COMMONSlab,C,3,NA
16S-C-H8-L3,COMMONS-plate1-,COMMONSlab,C,3,NA
16S-C-A9-L3,COMMONS-plate1-,COMMONSlab,C,3,NA
16S-C-B9-L3,COMMONS-plate1-,COMMONSlab,C,3,NA
16S-C-C9-L3,COMMONS-plate1-,COMMONSlab,C,3,NA
16S-C-D9-L3,COMMONS-plate1-,COMMONSlab,C,3,NA
16S-C-E9-L3,COMMONS-plate1-,COMMONSlab,C,3,NA
16S-C-F9-L3,COMMONS-plate1-,COMMONSlab,C,3,NA
16S-C-G9-L3,COMMONS-plate1-,COMMONSlab,C,3,NA
16S-C-H9-L3,COMMONS-plate1-,COMMONSlab,C,3,NA
16S-C-A10-L3,COMMONS-plate1-,COMMONSlab,C,3,NA
16S-C-B10-L3,COMMONS-plate1-,COMMONSlab,C,3,NA
16S-C-C10-L3,COMMONS-plate1-,COMMONSlab,C,3,NA
16S-C-D10-L3,COMMONS-plate1-,COMMONSlab,C,3,NA
16S-C-E10-L3,COMMONS-plate1-,COMMONSlab,C,3,NA
16S-C-F10-L3,COMMONS-plate1-,COMMONSlab,C,3,NA
16S-C-G10-L3,COMMONS-plate1-,COMMONSlab,C,3,NA
16S-C-H10-L3,COMMONS-plate1-,COMMONSlab,C,3,NA
16S-C-A11-L3,COMMONS-plate1-,COMMONSlab,C,3,NA
16S-C-B11-L3,COMMONS-plate1-,COMMONSlab,C,3,NA
16S-C-C11-L3,COMMONS-plate1-,COMMONSlab,C,3,NA
16S-C-D11-L3,COMMONS-plate1-,COMMONSlab,C,3,NA
16S-C-E11-L3,COMMONS-plate1-,COMMONSlab,C,3,NA
16S-C-F11-L3,COMMONS-plate1-,COMMONSlab,C,3,NA
16S-C-G11-L3,COMMONS-plate1-,COMMONSlab,C,3,NA
16S-C-H11-L3,COMMONS-plate1-,COMMONSlab,C,3,NA
16S-C-A12-L3,COMMONS-plate1-,COMMONSlab,C,3,NA
16S-C-B12-L3,COMMONS-plate1-,COMMONSlab,C,3,NA
16S-C-C12-L3,COMMONS-plate1-,COMMONSlab,C,3,NA
16S-C-D12-L3,COMMONS-plate1-,COMMONSlab,C,3,NA
16S-C-E12-L3,COMMONS-plate1-,COMMONSlab,C,3,NA
16S-C-F12-L3,COMMONS-plate1-,COMMONSlab,C,3,NA
16S-C-G12-L3,COMMONS-plate1-,COMMONSlab,C,3,NA
16S-C-H12-L3,COMMONS-plate1-,COMMONSlab,C,3,NA
16S-C-A1-L4,NA,default,C,4,NA
16S-C-B1-L4,NA,default,C,4,NA
16S-C-C1-L4,NA,default,C,4,NA
16S-C-D1-L4,NA,default,C,4,NA
16S-C-E1-L4,NA,default,C,4,NA
16S-C-F1-L4,NA,default,C,4,NA
16S-C-G1-L4,NA,default,C,4,NA
16S-C-H1-L4,NA,default,C,4,NA
16S-C-A2-L4,NA,default,C,4,NA
16S-C-B2-L4,NA,default,C,4,NA
16S-C-C2-L4,NA,default,C,4,NA
16S-C-D2-L4,NA,default,C,4,NA
16S-C-E2-L4,NA,default,C,4,NA
16S-C-F2-L4,NA,default,C,4,NA
16S-C-G2-L4,NA,default,C,4,NA
16S-C-H2-L4,NA,default,C,4,NA
16S-C-A3-L4,NA,default,C,4,NA
16S-C-B3-L4,NA,default,C,4,NA
16S-C-C3-L4,NA,default,C,4,NA
16S-C-D3-L4,NA,default,C,4,NA
16S-C-E3-L4,NA,default,C,4,NA
16S-C-F3-L4,NA,default,C,4,NA
16S-C-G3-L4,NA,default,C,4,NA
16S-C-H3-L4,NA,default,C,4,NA
16S-C-A4-L4,NA,default,C,4,NA
16S-C-B4-L4,NA,default,C,4,NA
16S-C-C4-L4,NA,default,C,4,NA
16S-C-D4-L4,NA,default,C,4,NA
16S-C-E4-L4,NA,default,C,4,NA
16S-C-F4-L4,NA,default,C,4,NA
16S-C-G4-L4,NA,default,C,4,NA
16S-C-H4-L4,NA,default,C,4,NA
16S-C-A5-L4,NA,default,C,4,NA
16S-C-B5-L4,NA,default,C,4,NA
16S-C-C5-L4,NA,default,C,4,NA
16S-C-D5-L4,NA,default,C,4,NA
16S-C-E5-L4,NA,default,C,4,NA
16S-C-F5-L4,NA,default,C,4,NA
16S-C-G5-L4,NA,default,C,4,NA
16S-C-H5-L4,NA,default,C,4,NA
16S-C-A6-L4,NA,default,C,4,NA
16S-C-B6-L4,NA,default,C,4,NA
16S-C-C6-L4,NA,default,C,4,NA
16S-C-D6-L4,NA,default,C,4,NA
16S-C-E6-L4,NA,default,C,4,NA
16S-C-F6-L4,NA,default,C,4,NA
16S-C-G6-L4,NA,default,C,4,NA
16S-C-H6-L4,NA,default,C,4,NA
16S-C-A7-L4,NA,default,C,4,NA
16S-C-B7-L4,NA,default,C,4,NA
16S-C-C7-L4,NA,default,C,4,NA
16S-C-D7-L4,NA,default,C,4,NA
16S-C-E7-L4,NA,default,C,4,NA
16S-C-F7-L4,NA,default,C,4,NA
16S-C-G7-L4,NA,default,C,4,NA
16S-C-H7-L4,NA,default,C,4,NA
16S-C-A8-L4,NA,default,C,4,NA
16S-C-B8-L4,NA,default,C,4,NA
16S-C-C8-L4,NA,default,C,4,NA
16S-C-D8-L4,NA,default,C,4,NA
16S-C-E8-L4,NA,default,C,4,NA
16S-C-F8-L4,NA,default,C,4,NA
16S-C-G8-L4,NA,default,C,4,NA
16S-C-H8-L4,NA,default,C,4,NA
16S-C-A9-L4,NA,default,C,4,NA
16S-C-B9-L4,NA,default,C,4,NA
16S-C-C9-L4,NA,default,C,4,NA
16S-C-D9-L4,NA,default,C,4,NA
16S-C-E9-L4,NA,default,C,4,NA
16S-C-F9-L4,NA,default,C,4,NA
16S-C-G9-L4,NA,default,C,4,NA
16S-C-H9-L4,NA,default,C,4,NA
16S-C-A10-L4,NA,default,C,4,NA
16S-C-B10-L4,NA,default,C,4,NA
16S-C-C10-L4,NA,default,C,4,NA
16S-C-D10-L4,NA,default,C,4,NA
16S-C-E10-L4,NA,default,C,4,NA
16S-C-F10-L4,NA,default,C,4,NA
16S-C-G10-L4,NA,default,C,4,NA
16S-C-H10-L4,NA,default,C,4,NA
16S-C-A11-L4,NA,default,C,4,NA
16S-C-B11-L4,NA,default,C,4,NA
16S-C-C11-L4,NA,default,C,4,NA
16S-C-D11-L4,NA,default,C,4,NA
16S-C-E11-L4,NA,default,C,4,NA
16S-C-F11-L4,NA,default,C,4,NA
16S-C-G11-L4,NA,default,C,4,NA
16S-C-H11-L4,NA,default,C,4,NA
16S-C-A12-L4,NA,default,C,4,NA
16S-C-B12-L4,NA,default,C,4,NA
16S-C-C12-L4,NA,default,C,4,NA
16S-C-D12-L4,NA,default,C,4,NA
16S-C-E12-L4,NA,default,C,4,NA
16S-C-F12-L4,NA,default,C,4,NA
16S-C-G12-L4,NA,default,C,4,NA
16S-C-H12-L4,NA,default,C,4,NA
16S-C-A1-L5,NA,default,C,5,NA
16S-C-B1-L5,NA,default,C,5,NA
16S-C-C1-L5,NA,default,C,5,NA
16S-C-D1-L5,NA,default,C,5,NA
16S-C-E1-L5,NA,default,C,5,NA
16S-C-F1-L5,NA,default,C,5,NA
16S-C-G1-L5,NA,default,C,5,NA
16S-C-H1-L5,NA,default,C,5,NA
16S-C-A2-L5,NA,default,C,5,NA
16S-C-B2-L5,NA,default,C,5,NA
16S-C-C2-L5,NA,default,C,5,NA
16S-C-D2-L5,NA,default,C,5,NA
16S-C-E2-L5,NA,default,C,5,NA
16S-C-F2-L5,NA,default,C,5,NA
16S-C-G2-L5,NA,default,C,5,NA
16S-C-H2-L5,NA,default,C,5,NA
16S-C-A3-L5,NA,default,C,5,NA
16S-C-B3-L5,NA,default,C,5,NA
16S-C-C3-L5,NA,default,C,5,NA
16S-C-D3-L5,NA,default,C,5,NA
16S-C-E3-L5,NA,default,C,5,NA
16S-C-F3-L5,NA,default,C,5,NA
16S-C-G3-L5,NA,default,C,5,NA
16S-C-H3-L5,NA,default,C,5,NA
16S-C-A4-L5,NA,default,C,5,NA
16S-C-B4-L5,NA,default,C,5,NA
16S-C-C4-L5,NA,default,C,5,NA
16S-C-D4-L5,NA,default,C,5,NA
16S-C-E4-L5,NA,default,C,5,NA
16S-C-F4-L5,NA,default,C,5,NA
16S-C-G4-L5,NA,default,C,5,NA
16S-C-H4-L5,NA,default,C,5,NA
16S-C-A5-L5,NA,default,C,5,NA
16S-C-B5-L5,NA,default,C,5,NA
16S-C-C5-L5,NA,default,C,5,NA
16S-C-D5-L5,NA,default,C,5,NA
16S-C-E5-L5,NA,default,C,5,NA
16S-C-F5-L5,NA,default,C,5,NA
16S-C-G5-L5,NA,default,C,5,NA
16S-C-H5-L5,NA,default,C,5,NA
16S-C-A6-L5,NA,default,C,5,NA
16S-C-B6-L5,NA,default,C,5,NA
16S-C-C6-L5,NA,default,C,5,NA
16S-C-D6-L5,NA,default,C,5,NA
16S-C-E6-L5,NA,default,C,5,NA
16S-C-F6-L5,NA,default,C,5,NA
16S-C-G6-L5,NA,default,C,5,NA
16S-C-H6-L5,NA,default,C,5,NA
16S-C-A7-L5,NA,default,C,5,NA
16S-C-B7-L5,NA,default,C,5,NA
16S-C-C7-L5,NA,default,C,5,NA
16S-C-D7-L5,NA,default,C,5,NA
16S-C-E7-L5,NA,default,C,5,NA
16S-C-F7-L5,NA,default,C,5,NA
16S-C-G7-L5,NA,default,C,5,NA
16S-C-H7-L5,NA,default,C,5,NA
16S-C-A8-L5,NA,default,C,5,NA
16S-C-B8-L5,NA,default,C,5,NA
16S-C-C8-L5,NA,default,C,5,NA
16S-C-D8-L5,NA,default,C,5,NA
16S-C-E8-L5,NA,default,C,5,NA
16S-C-F8-L5,NA,default,C,5,NA
16S-C-G8-L5,NA,default,C,5,NA
16S-C-H8-L5,NA,default,C,5,NA
16S-C-A9-L5,NA,default,C,5,NA
16S-C-B9-L5,NA,default,C,5,NA
16S-C-C9-L5,NA,default,C,5,NA
16S-C-D9-L5,NA,default,C,5,NA
16S-C-E9-L5,NA,default,C,5,NA
16S-C-F9-L5,NA,default,C,5,NA
16S-C-G9-L5,NA,default,C,5,NA
16S-C-H9-L5,NA,default,C,5,NA
16S-C-A10-L5,NA,default,C,5,NA
16S-C-B10-L5,NA,default,C,5,NA
16S-C-C10-L5,NA,default,C,5,NA
16S-C-D10-L5,NA,default,C,5,NA
16S-C-E10-L5,NA,default,C,5,NA
16S-C-F10-L5,NA,default,C,5,NA
16S-C-G10-L5,NA,default,C,5,NA
16S-C-H10-L5,NA,default,C,5,NA
16S-C-A11-L5,NA,default,C,5,NA
16S-C-B11-L5,NA,default,C,5,NA
16S-C-C11-L5,NA,default,C,5,NA
16S-C-D11-L5,NA,default,C,5,NA
16S-C-E11-L5,NA,default,C,5,NA
16S-C-F11-L5,NA,default,C,5,NA
16S-C-G11-L5,NA,default,C,5,NA
16S-C-H11-L5,NA,default,C,5,NA
16S-C-A12-L5,NA,default,C,5,NA
16S-C-B12-L5,NA,default,C,5,NA
16S-C-C12-L5,NA,default,C,5,NA
16S-C-D12-L5,NA,default,C,5,NA
16S-C-E12-L5,NA,default,C,5,NA
16S-C-F12-L5,NA,default,C,5,NA
16S-C-G12-L5,NA,default,C,5,NA
16S-C-H12-L5,NA,default,C,5,NA
16S-C-A1-L6,NA,default,C,6,NA
16S-C-B1-L6,NA,default,C,6,NA
16S-C-C1-L6,NA,default,C,6,NA
16S-C-D1-L6,NA,default,C,6,NA
16S-C-E1-L6,NA,default,C,6,NA
16S-C-F1-L6,NA,default,C,6,NA
16S-C-G1-L6,NA,default,C,6,NA
16S-C-H1-L6,NA,default,C,6,NA
16S-C-A2-L6,NA,default,C,6,NA
16S-C-B2-L6,NA,default,C,6,NA
16S-C-C2-L6,NA,default,C,6,NA
16S-C-D2-L6,NA,default,C,6,NA
16S-C-E2-L6,NA,default,C,6,NA
16S-C-F2-L6,NA,default,C,6,NA
16S-C-G2-L6,NA,default,C,6,NA
16S-C-H2-L6,NA,default,C,6,NA
16S-C-A3-L6,NA,default,C,6,NA
16S-C-B3-L6,NA,default,C,6,NA
16S-C-C3-L6,NA,default,C,6,NA
16S-C-D3-L6,NA,default,C,6,NA
16S-C-E3-L6,NA,default,C,6,NA
16S-C-F3-L6,NA,default,C,6,NA
16S-C-G3-L6,NA,default,C,6,NA
16S-C-H3-L6,NA,default,C,6,NA
16S-C-A4-L6,NA,default,C,6,NA
16S-C-B4-L6,NA,default,C,6,NA
16S-C-C4-L6,NA,default,C,6,NA
16S-C-D4-L6,NA,default,C,6,NA
16S-C-E4-L6,NA,default,C,6,NA
16S-C-F4-L6,NA,default,C,6,NA
16S-C-G4-L6,NA,default,C,6,NA
16S-C-H4-L6,NA,default,C,6,NA
16S-C-A5-L6,NA,default,C,6,NA
16S-C-B5-L6,NA,default,C,6,NA
16S-C-C5-L6,NA,default,C,6,NA
16S-C-D5-L6,NA,default,C,6,NA
16S-C-E5-L6,NA,default,C,6,NA
16S-C-F5-L6,NA,default,C,6,NA
16S-C-G5-L6,NA,default,C,6,NA
16S-C-H5-L6,NA,default,C,6,NA
16S-C-A6-L6,NA,default,C,6,NA
16S-C-B6-L6,NA,default,C,6,NA
16S-C-C6-L6,NA,default,C,6,NA
16S-C-D6-L6,NA,default,C,6,NA
16S-C-E6-L6,NA,default,C,6,NA
16S-C-F6-L6,NA,default,C,6,NA
16S-C-G6-L6,NA,default,C,6,NA
16S-C-H6-L6,NA,default,C,6,NA
16S-C-A7-L6,NA,default,C,6,NA
16S-C-B7-L6,NA,default,C,6,NA
16S-C-C7-L6,NA,default,C,6,NA
16S-C-D7-L6,NA,default,C,6,NA
16S-C-E7-L6,NA,default,C,6,NA
16S-C-F7-L6,NA,default,C,6,NA
16S-C-G7-L6,NA,default,C,6,NA
16S-C-H7-L6,NA,default,C,6,NA
16S-C-A8-L6,NA,default,C,6,NA
16S-C-B8-L6,NA,default,C,6,NA
16S-C-C8-L6,NA,default,C,6,NA
16S-C-D8-L6,NA,default,C,6,NA
16S-C-E8-L6,NA,default,C,6,NA
16S-C-F8-L6,NA,default,C,6,NA
16S-C-G8-L6,NA,default,C,6,NA
16S-C-H8-L6,NA,default,C,6,NA
16S-C-A9-L6,NA,default,C,6,NA
16S-C-B9-L6,NA,default,C,6,NA
16S-C-C9-L6,NA,default,C,6,NA
16S-C-D9-L6,NA,default,C,6,NA
16S-C-E9-L6,NA,default,C,6,NA
16S-C-F9-L6,NA,default,C,6,NA
16S-C-G9-L6,NA,default,C,6,NA
16S-C-H9-L6,NA,default,C,6,NA
16S-C-A10-L6,NA,default,C,6,NA
16S-C-B10-L6,NA,default,C,6,NA
16S-C-C10-L6,NA,default,C,6,NA
16S-C-D10-L6,NA,default,C,6,NA
16S-C-E10-L6,NA,default,C,6,NA
16S-C-F10-L6,NA,default,C,6,NA
16S-C-G10-L6,NA,default,C,6,NA
16S-C-H10-L6,NA,default,C,6,NA
16S-C-A11-L6,NA,default,C,6,NA
16S-C-B11-L6,NA,default,C,6,NA
16S-C-C11-L6,NA,default,C,6,NA
16S-C-D11-L6,NA,default,C,6,NA
16S-C-E11-L6,NA,default,C,6,NA
16S-C-F11-L6,NA,default,C,6,NA
16S-C-G11-L6,NA,default,C,6,NA
16S-C-H11-L6,NA,default,C,6,NA
16S-C-A12-L6,NA,default,C,6,NA
16S-C-B12-L6,NA,default,C,6,NA
16S-C-C12-L6,NA,default,C,6,NA
16S-C-D12-L6,NA,default,C,6,NA
16S-C-E12-L6,NA,default,C,6,NA
16S-C-F12-L6,NA,default,C,6,NA
16S-C-G12-L6,NA,default,C,6,NA
16S-C-H12-L6,NA,default,C,6,NA
16S-C-A1-L7,NA,default,C,7,NA
16S-C-B1-L7,NA,default,C,7,NA
16S-C-C1-L7,NA,default,C,7,NA
16S-C-D1-L7,NA,default,C,7,NA
16S-C-E1-L7,NA,default,C,7,NA
16S-C-F1-L7,NA,default,C,7,NA
16S-C-G1-L7,NA,default,C,7,NA
16S-C-H1-L7,NA,default,C,7,NA
16S-C-A2-L7,NA,default,C,7,NA
16S-C-B2-L7,NA,default,C,7,NA
16S-C-C2-L7,NA,default,C,7,NA
16S-C-D2-L7,NA,default,C,7,NA
16S-C-E2-L7,NA,default,C,7,NA
16S-C-F2-L7,NA,default,C,7,NA
16S-C-G2-L7,NA,default,C,7,NA
16S-C-H2-L7,NA,default,C,7,NA
16S-C-A3-L7,NA,default,C,7,NA
16S-C-B3-L7,NA,default,C,7,NA
16S-C-C3-L7,NA,default,C,7,NA
16S-C-D3-L7,NA,default,C,7,NA
16S-C-E3-L7,NA,default,C,7,NA
16S-C-F3-L7,NA,default,C,7,NA
16S-C-G3-L7,NA,default,C,7,NA
16S-C-H3-L7,NA,default,C,7,NA
16S-C-A4-L7,NA,default,C,7,NA
16S-C-B4-L7,NA,default,C,7,NA
16S-C-C4-L7,NA,default,C,7,NA
16S-C-D4-L7,NA,default,C,7,NA
16S-C-E4-L7,NA,default,C,7,NA
16S-C-F4-L7,NA,default,C,7,NA
16S-C-G4-L7,NA,default,C,7,NA
16S-C-H4-L7,NA,default,C,7,NA
16S-C-A5-L7,NA,default,C,7,NA
16S-C-B5-L7,NA,default,C,7,NA
16S-C-C5-L7,NA,default,C,7,NA
16S-C-D5-L7,NA,default,C,7,NA
16S-C-E5-L7,NA,default,C,7,NA
16S-C-F5-L7,NA,default,C,7,NA
16S-C-G5-L7,NA,default,C,7,NA
16S-C-H5-L7,NA,default,C,7,NA
16S-C-A6-L7,NA,default,C,7,NA
16S-C-B6-L7,NA,default,C,7,NA
16S-C-C6-L7,NA,default,C,7,NA
16S-C-D6-L7,NA,default,C,7,NA
16S-C-E6-L7,NA,default,C,7,NA
16S-C-F6-L7,NA,default,C,7,NA
16S-C-G6-L7,NA,default,C,7,NA
16S-C-H6-L7,NA,default,C,7,NA
16S-C-A7-L7,NA,default,C,7,NA
16S-C-B7-L7,NA,default,C,7,NA
16S-C-C7-L7,NA,default,C,7,NA
16S-C-D7-L7,NA,default,C,7,NA
16S-C-E7-L7,NA,default,C,7,NA
16S-C-F7-L7,NA,default,C,7,NA
16S-C-G7-L7,NA,default,C,7,NA
16S-C-H7-L7,NA,default,C,7,NA
16S-C-A8-L7,NA,default,C,7,NA
16S-C-B8-L7,NA,default,C,7,NA
16S-C-C8-L7,NA,default,C,7,NA
16S-C-D8-L7,NA,default,C,7,NA
16S-C-E8-L7,NA,default,C,7,NA
16S-C-F8-L7,NA,default,C,7,NA
16S-C-G8-L7,NA,default,C,7,NA
16S-C-H8-L7,NA,default,C,7,NA
16S-C-A9-L7,NA,default,C,7,NA
16S-C-B9-L7,NA,default,C,7,NA
16S-C-C9-L7,NA,default,C,7,NA
16S-C-D9-L7,NA,default,C,7,NA
16S-C-E9-L7,NA,default,C,7,NA
16S-C-F9-L7,NA,default,C,7,NA
16S-C-G9-L7,NA,default,C,7,NA
16S-C-H9-L7,NA,default,C,7,NA
16S-C-A10-L7,NA,default,C,7,NA
16S-C-B10-L7,NA,default,C,7,NA
16S-C-C10-L7,NA,default,C,7,NA
16S-C-D10-L7,NA,default,C,7,NA
16S-C-E10-L7,NA,default,C,7,NA
16S-C-F10-L7,NA,default,C,7,NA
16S-C-G10-L7,NA,default,C,7,NA
16S-C-H10-L7,NA,default,C,7,NA
16S-C-A11-L7,NA,default,C,7,NA
16S-C-B11-L7,NA,default,C,7,NA
16S-C-C11-L7,NA,default,C,7,NA
16S-C-D11-L7,NA,default,C,7,NA
16S-C-E11-L7,NA,default,C,7,NA
16S-C-F11-L7,NA,default,C,7,NA
16S-C-G11-L7,NA,default,C,7,NA
16S-C-H11-L7,NA,default,C,7,NA
16S-C-A12-L7,NA,default,C,7,NA
16S-C-B12-L7,NA,default,C,7,NA
16S-C-C12-L7,NA,default,C,7,NA
16S-C-D12-L7,NA,default,C,7,NA
16S-C-E12-L7,NA,default,C,7,NA
16S-C-F12-L7,NA,default,C,7,NA
16S-C-G12-L7,NA,default,C,7,NA
16S-C-H12-L7,NA,default,C,7,NA
16S-D-A1-L0,NA,default,D,0,NA
16S-D-B1-L0,NA,default,D,0,NA
16S-D-C1-L0,NA,default,D,0,NA
16S-D-D1-L0,NA,default,D,0,NA
16S-D-E1-L0,NA,default,D,0,NA
16S-D-F1-L0,NA,default,D,0,NA
16S-D-G1-L0,NA,default,D,0,NA
16S-D-H1-L0,NA,default,D,0,NA
16S-D-A2-L0,NA,default,D,0,NA
16S-D-B2-L0,NA,default,D,0,NA
16S-D-C2-L0,NA,default,D,0,NA
16S-D-D2-L0,NA,default,D,0,NA
16S-D-E2-L0,NA,default,D,0,NA
16S-D-F2-L0,NA,default,D,0,NA
16S-D-G2-L0,NA,default,D,0,NA
16S-D-H2-L0,NA,default,D,0,NA
16S-D-A3-L0,NA,default,D,0,NA
16S-D-B3-L0,NA,default,D,0,NA
16S-D-C3-L0,NA,default,D,0,NA
16S-D-D3-L0,NA,default,D,0,NA
16S-D-E3-L0,NA,default,D,0,NA
16S-D-F3-L0,NA,default,D,0,NA
16S-D-G3-L0,NA,default,D,0,NA
16S-D-H3-L0,NA,default,D,0,NA
16S-D-A4-L0,NA,default,D,0,NA
16S-D-B4-L0,NA,default,D,0,NA
16S-D-C4-L0,NA,default,D,0,NA
16S-D-D4-L0,NA,default,D,0,NA
16S-D-E4-L0,NA,default,D,0,NA
16S-D-F4-L0,NA,default,D,0,NA
16S-D-G4-L0,NA,default,D,0,NA
16S-D-H4-L0,NA,default,D,0,NA
16S-D-A5-L0,NA,default,D,0,NA
16S-D-B5-L0,NA,default,D,0,NA
16S-D-C5-L0,NA,default,D,0,NA
16S-D-D5-L0,NA,default,D,0,NA
16S-D-E5-L0,NA,default,D,0,NA
16S-D-F5-L0,NA,default,D,0,NA
16S-D-G5-L0,NA,default,D,0,NA
16S-D-H5-L0,NA,default,D,0,NA
16S-D-A6-L0,NA,default,D,0,NA
16S-D-B6-L0,NA,default,D,0,NA
16S-D-C6-L0,NA,default,D,0,NA
16S-D-D6-L0,NA,default,D,0,NA
16S-D-E6-L0,NA,default,D,0,NA
16S-D-F6-L0,NA,default,D,0,NA
16S-D-G6-L0,NA,default,D,0,NA
16S-D-H6-L0,NA,default,D,0,NA
16S-D-A7-L0,NA,default,D,0,NA
16S-D-B7-L0,NA,default,D,0,NA
16S-D-C7-L0,NA,default,D,0,NA
16S-D-D7-L0,NA,default,D,0,NA
16S-D-E7-L0,NA,default,D,0,NA
16S-D-F7-L0,NA,default,D,0,NA
16S-D-G7-L0,NA,default,D,0,NA
16S-D-H7-L0,NA,default,D,0,NA
16S-D-A8-L0,NA,default,D,0,NA
16S-D-B8-L0,NA,default,D,0,NA
16S-D-C8-L0,NA,default,D,0,NA
16S-D-D8-L0,NA,default,D,0,NA
16S-D-E8-L0,NA,default,D,0,NA
16S-D-F8-L0,NA,default,D,0,NA
16S-D-G8-L0,NA,default,D,0,NA
16S-D-H8-L0,NA,default,D,0,NA
16S-D-A9-L0,NA,default,D,0,NA
16S-D-B9-L0,NA,default,D,0,NA
16S-D-C9-L0,NA,default,D,0,NA
16S-D-D9-L0,NA,default,D,0,NA
16S-D-E9-L0,NA,default,D,0,NA
16S-D-F9-L0,NA,default,D,0,NA
16S-D-G9-L0,NA,default,D,0,NA
16S-D-H9-L0,NA,default,D,0,NA
16S-D-A10-L0,NA,default,D,0,NA
16S-D-B10-L0,NA,default,D,0,NA
16S-D-C10-L0,NA,default,D,0,NA
16S-D-D10-L0,NA,default,D,0,NA
16S-D-E10-L0,NA,default,D,0,NA
16S-D-F10-L0,NA,default,D,0,NA
16S-D-G10-L0,NA,default,D,0,NA
16S-D-H10-L0,NA,default,D,0,NA
16S-D-A11-L0,NA,default,D,0,NA
16S-D-B11-L0,NA,default,D,0,NA
16S-D-C11-L0,NA,default,D,0,NA
16S-D-D11-L0,NA,default,D,0,NA
16S-D-E11-L0,NA,default,D,0,NA
16S-D-F11-L0,NA,default,D,0,NA
16S-D-G11-L0,NA,default,D,0,NA
16S-D-H11-L0,NA,default,D,0,NA
16S-D-A12-L0,NA,default,D,0,NA
16S-D-B12-L0,NA,default,D,0,NA
16S-D-C12-L0,NA,default,D,0,NA
16S-D-D12-L0,NA,default,D,0,NA
16S-D-E12-L0,NA,default,D,0,NA
16S-D-F12-L0,NA,default,D,0,NA
16S-D-G12-L0,NA,default,D,0,NA
16S-D-H12-L0,NA,default,D,0,NA
16S-D-A1-L1,NA,default,D,1,NA
16S-D-B1-L1,NA,default,D,1,NA
16S-D-C1-L1,NA,default,D,1,NA
16S-D-D1-L1,NA,default,D,1,NA
16S-D-E1-L1,NA,default,D,1,NA
16S-D-F1-L1,NA,default,D,1,NA
16S-D-G1-L1,NA,default,D,1,NA
16S-D-H1-L1,NA,default,D,1,NA
16S-D-A2-L1,NA,default,D,1,NA
16S-D-B2-L1,NA,default,D,1,NA
16S-D-C2-L1,NA,default,D,1,NA
16S-D-D2-L1,NA,default,D,1,NA
16S-D-E2-L1,NA,default,D,1,NA
16S-D-F2-L1,NA,default,D,1,NA
16S-D-G2-L1,NA,default,D,1,NA
16S-D-H2-L1,NA,default,D,1,NA
16S-D-A3-L1,NA,default,D,1,NA
16S-D-B3-L1,NA,default,D,1,NA
16S-D-C3-L1,NA,default,D,1,NA
16S-D-D3-L1,NA,default,D,1,NA
16S-D-E3-L1,NA,default,D,1,NA
16S-D-F3-L1,NA,default,D,1,NA
16S-D-G3-L1,NA,default,D,1,NA
16S-D-H3-L1,NA,default,D,1,NA
16S-D-A4-L1,NA,default,D,1,NA
16S-D-B4-L1,NA,default,D,1,NA
16S-D-C4-L1,NA,default,D,1,NA
16S-D-D4-L1,NA,default,D,1,NA
16S-D-E4-L1,NA,default,D,1,NA
16S-D-F4-L1,NA,default,D,1,NA
16S-D-G4-L1,NA,default,D,1,NA
16S-D-H4-L1,NA,default,D,1,NA
16S-D-A5-L1,NA,default,D,1,NA
16S-D-B5-L1,NA,default,D,1,NA
16S-D-C5-L1,NA,default,D,1,NA
16S-D-D5-L1,NA,default,D,1,NA
16S-D-E5-L1,NA,default,D,1,NA
16S-D-F5-L1,NA,default,D,1,NA
16S-D-G5-L1,NA,default,D,1,NA
16S-D-H5-L1,NA,default,D,1,NA
16S-D-A6-L1,NA,default,D,1,NA
16S-D-B6-L1,NA,default,D,1,NA
16S-D-C6-L1,NA,default,D,1,NA
16S-D-D6-L1,NA,default,D,1,NA
16S-D-E6-L1,NA,default,D,1,NA
16S-D-F6-L1,NA,default,D,1,NA
16S-D-G6-L1,NA,default,D,1,NA
16S-D-H6-L1,NA,default,D,1,NA
16S-D-A7-L1,NA,default,D,1,NA
16S-D-B7-L1,NA,default,D,1,NA
16S-D-C7-L1,NA,default,D,1,NA
16S-D-D7-L1,NA,default,D,1,NA
16S-D-E7-L1,NA,default,D,1,NA
16S-D-F7-L1,NA,default,D,1,NA
16S-D-G7-L1,NA,default,D,1,NA
16S-D-H7-L1,NA,default,D,1,NA
16S-D-A8-L1,NA,default,D,1,NA
16S-D-B8-L1,NA,default,D,1,NA
16S-D-C8-L1,NA,default,D,1,NA
16S-D-D8-L1,NA,default,D,1,NA
16S-D-E8-L1,NA,default,D,1,NA
16S-D-F8-L1,NA,default,D,1,NA
16S-D-G8-L1,NA,default,D,1,NA
16S-D-H8-L1,NA,default,D,1,NA
16S-D-A9-L1,NA,default,D,1,NA
16S-D-B9-L1,NA,default,D,1,NA
16S-D-C9-L1,NA,default,D,1,NA
16S-D-D9-L1,NA,default,D,1,NA
16S-D-E9-L1,NA,default,D,1,NA
16S-D-F9-L1,NA,default,D,1,NA
16S-D-G9-L1,NA,default,D,1,NA
16S-D-H9-L1,NA,default,D,1,NA
16S-D-A10-L1,NA,default,D,1,NA
16S-D-B10-L1,NA,default,D,1,NA
16S-D-C10-L1,NA,default,D,1,NA
16S-D-D10-L1,NA,default,D,1,NA
16S-D-E10-L1,NA,default,D,1,NA
16S-D-F10-L1,NA,default,D,1,NA
16S-D-G10-L1,NA,default,D,1,NA
16S-D-H10-L1,NA,default,D,1,NA
16S-D-A11-L1,NA,default,D,1,NA
16S-D-B11-L1,NA,default,D,1,NA
16S-D-C11-L1,NA,default,D,1,NA
16S-D-D11-L1,NA,default,D,1,NA
16S-D-E11-L1,NA,default,D,1,NA
16S-D-F11-L1,NA,default,D,1,NA
16S-D-G11-L1,NA,default,D,1,NA
16S-D-H11-L1,NA,default,D,1,NA
16S-D-A12-L1,NA,default,D,1,NA
16S-D-B12-L1,NA,default,D,1,NA
16S-D-C12-L1,NA,default,D,1,NA
16S-D-D12-L1,NA,default,D,1,NA
16S-D-E12-L1,NA,default,D,1,NA
16S-D-F12-L1,NA,default,D,1,NA
16S-D-G12-L1,NA,default,D,1,NA
16S-D-H12-L1,NA,default,D,1,NA
16S-D-A1-L2,NA,default,D,2,NA
16S-D-B1-L2,NA,default,D,2,NA
16S-D-C1-L2,NA,default,D,2,NA
16S-D-D1-L2,NA,default,D,2,NA
16S-D-E1-L2,NA,default,D,2,NA
16S-D-F1-L2,NA,default,D,2,NA
16S-D-G1-L2,NA,default,D,2,NA
16S-D-H1-L2,NA,default,D,2,NA
16S-D-A2-L2,NA,default,D,2,NA
16S-D-B2-L2,NA,default,D,2,NA
16S-D-C2-L2,NA,default,D,2,NA
16S-D-D2-L2,NA,default,D,2,NA
16S-D-E2-L2,NA,default,D,2,NA
16S-D-F2-L2,NA,default,D,2,NA
16S-D-G2-L2,NA,default,D,2,NA
16S-D-H2-L2,NA,default,D,2,NA
16S-D-A3-L2,NA,default,D,2,NA
16S-D-B3-L2,NA,default,D,2,NA
16S-D-C3-L2,NA,default,D,2,NA
16S-D-D3-L2,NA,default,D,2,NA
16S-D-E3-L2,NA,default,D,2,NA
16S-D-F3-L2,NA,default,D,2,NA
16S-D-G3-L2,NA,default,D,2,NA
16S-D-H3-L2,NA,default,D,2,NA
16S-D-A4-L2,NA,default,D,2,NA
16S-D-B4-L2,NA,default,D,2,NA
16S-D-C4-L2,NA,default,D,2,NA
16S-D-D4-L2,NA,default,D,2,NA
16S-D-E4-L2,NA,default,D,2,NA
16S-D-F4-L2,NA,default,D,2,NA
16S-D-G4-L2,NA,default,D,2,NA
16S-D-H4-L2,NA,default,D,2,NA
16S-D-A5-L2,NA,default,D,2,NA
16S-D-B5-L2,NA,default,D,2,NA
16S-D-C5-L2,NA,default,D,2,NA
16S-D-D5-L2,NA,default,D,2,NA
16S-D-E5-L2,NA,default,D,2,NA
16S-D-F5-L2,NA,default,D,2,NA
16S-D-G5-L2,NA,default,D,2,NA
16S-D-H5-L2,NA,default,D,2,NA
16S-D-A6-L2,NA,default,D,2,NA
16S-D-B6-L2,NA,default,D,2,NA
16S-D-C6-L2,NA,default,D,2,NA
16S-D-D6-L2,NA,default,D,2,NA
16S-D-E6-L2,NA,default,D,2,NA
16S-D-F6-L2,NA,default,D,2,NA
16S-D-G6-L2,NA,default,D,2,NA
16S-D-H6-L2,NA,default,D,2,NA
16S-D-A7-L2,NA,default,D,2,NA
16S-D-B7-L2,NA,default,D,2,NA
16S-D-C7-L2,NA,default,D,2,NA
16S-D-D7-L2,NA,default,D,2,NA
16S-D-E7-L2,NA,default,D,2,NA
16S-D-F7-L2,NA,default,D,2,NA
16S-D-G7-L2,NA,default,D,2,NA
16S-D-H7-L2,NA,default,D,2,NA
16S-D-A8-L2,NA,default,D,2,NA
16S-D-B8-L2,NA,default,D,2,NA
16S-D-C8-L2,NA,default,D,2,NA
16S-D-D8-L2,NA,default,D,2,NA
16S-D-E8-L2,NA,default,D,2,NA
16S-D-F8-L2,NA,default,D,2,NA
16S-D-G8-L2,NA,default,D,2,NA
16S-D-H8-L2,NA,default,D,2,NA
16S-D-A9-L2,NA,default,D,2,NA
16S-D-B9-L2,NA,default,D,2,NA
16S-D-C9-L2,NA,default,D,2,NA
16S-D-D9-L2,NA,default,D,2,NA
16S-D-E9-L2,NA,default,D,2,NA
16S-D-F9-L2,NA,default,D,2,NA
16S-D-G9-L2,NA,default,D,2,NA
16S-D-H9-L2,NA,default,D,2,NA
16S-D-A10-L2,NA,default,D,2,NA
16S-D-B10-L2,NA,default,D,2,NA
16S-D-C10-L2,NA,default,D,2,NA
16S-D-D10-L2,NA,default,D,2,NA
16S-D-E10-L2,NA,default,D,2,NA
16S-D-F10-L2,NA,default,D,2,NA
16S-D-G10-L2,NA,default,D,2,NA
16S-D-H10-L2,NA,default,D,2,NA
16S-D-A11-L2,NA,default,D,2,NA
16S-D-B11-L2,NA,default,D,2,NA
16S-D-C11-L2,NA,default,D,2,NA
16S-D-D11-L2,NA,default,D,2,NA
16S-D-E11-L2,NA,default,D,2,NA
16S-D-F11-L2,NA,default,D,2,NA
16S-D-G11-L2,NA,default,D,2,NA
16S-D-H11-L2,NA,default,D,2,NA
16S-D-A12-L2,NA,default,D,2,NA
16S-D-B12-L2,NA,default,D,2,NA
16S-D-C12-L2,NA,default,D,2,NA
16S-D-D12-L2,NA,default,D,2,NA
16S-D-E12-L2,NA,default,D,2,NA
16S-D-F12-L2,NA,default,D,2,NA
16S-D-G12-L2,NA,default,D,2,NA
16S-D-H12-L2,NA,default,D,2,NA
16S-D-A1-L3,NA,default,D,3,NA
16S-D-B1-L3,NA,default,D,3,NA
16S-D-C1-L3,NA,default,D,3,NA
16S-D-D1-L3,NA,default,D,3,NA
16S-D-E1-L3,NA,default,D,3,NA
16S-D-F1-L3,NA,default,D,3,NA
16S-D-G1-L3,NA,default,D,3,NA
16S-D-H1-L3,NA,default,D,3,NA
16S-D-A2-L3,NA,default,D,3,NA
16S-D-B2-L3,NA,default,D,3,NA
16S-D-C2-L3,NA,default,D,3,NA
16S-D-D2-L3,NA,default,D,3,NA
16S-D-E2-L3,NA,default,D,3,NA
16S-D-F2-L3,NA,default,D,3,NA
16S-D-G2-L3,NA,default,D,3,NA
16S-D-H2-L3,NA,default,D,3,NA
16S-D-A3-L3,NA,default,D,3,NA
16S-D-B3-L3,NA,default,D,3,NA
16S-D-C3-L3,NA,default,D,3,NA
16S-D-D3-L3,NA,default,D,3,NA
16S-D-E3-L3,NA,default,D,3,NA
16S-D-F3-L3,NA,default,D,3,NA
16S-D-G3-L3,NA,default,D,3,NA
16S-D-H3-L3,NA,default,D,3,NA
16S-D-A4-L3,NA,default,D,3,NA
16S-D-B4-L3,NA,default,D,3,NA
16S-D-C4-L3,NA,default,D,3,NA
16S-D-D4-L3,NA,default,D,3,NA
16S-D-E4-L3,NA,default,D,3,NA
16S-D-F4-L3,NA,default,D,3,NA
16S-D-G4-L3,NA,default,D,3,NA
16S-D-H4-L3,NA,default,D,3,NA
16S-D-A5-L3,NA,default,D,3,NA
16S-D-B5-L3,NA,default,D,3,NA
16S-D-C5-L3,NA,default,D,3,NA
16S-D-D5-L3,NA,default,D,3,NA
16S-D-E5-L3,NA,default,D,3,NA
16S-D-F5-L3,NA,default,D,3,NA
16S-D-G5-L3,NA,default,D,3,NA
16S-D-H5-L3,NA,default,D,3,NA
16S-D-A6-L3,NA,default,D,3,NA
16S-D-B6-L3,NA,default,D,3,NA
16S-D-C6-L3,NA,default,D,3,NA
16S-D-D6-L3,NA,default,D,3,NA
16S-D-E6-L3,NA,default,D,3,NA
16S-D-F6-L3,NA,default,D,3,NA
16S-D-G6-L3,NA,default,D,3,NA
16S-D-H6-L3,NA,default,D,3,NA
16S-D-A7-L3,NA,default,D,3,NA
16S-D-B7-L3,NA,default,D,3,NA
16S-D-C7-L3,NA,default,D,3,NA
16S-D-D7-L3,NA,default,D,3,NA
16S-D-E7-L3,NA,default,D,3,NA
16S-D-F7-L3,NA,default,D,3,NA
16S-D-G7-L3,NA,default,D,3,NA
16S-D-H7-L3,NA,default,D,3,NA
16S-D-A8-L3,NA,default,D,3,NA
16S-D-B8-L3,NA,default,D,3,NA
16S-D-C8-L3,NA,default,D,3,NA
16S-D-D8-L3,NA,default,D,3,NA
16S-D-E8-L3,NA,default,D,3,NA
16S-D-F8-L3,NA,default,D,3,NA
16S-D-G8-L3,NA,default,D,3,NA
16S-D-H8-L3,NA,default,D,3,NA
16S-D-A9-L3,NA,default,D,3,NA
16S-D-B9-L3,NA,default,D,3,NA
16S-D-C9-L3,NA,default,D,3,NA
16S-D-D9-L3,NA,default,D,3,NA
16S-D-E9-L3,NA,default,D,3,NA
16S-D-F9-L3,NA,default,D,3,NA
16S-D-G9-L3,NA,default,D,3,NA
16S-D-H9-L3,NA,default,D,3,NA
16S-D-A10-L3,NA,default,D,3,NA
16S-D-B10-L3,NA,default,D,3,NA
16S-D-C10-L3,NA,default,D,3,NA
16S-D-D10-L3,NA,default,D,3,NA
16S-D-E10-L3,NA,default,D,3,NA
16S-D-F10-L3,NA,default,D,3,NA
16S-D-G10-L3,NA,default,D,3,NA
16S-D-H10-L3,NA,default,D,3,NA
16S-D-A11-L3,NA,default,D,3,NA
16S-D-B11-L3,NA,default,D,3,NA
16S-D-C11-L3,NA,default,D,3,NA
16S-D-D11-L3,NA,default,D,3,NA
16S-D-E11-L3,NA,default,D,3,NA
16S-D-F11-L3,NA,default,D,3,NA
16S-D-G11-L3,NA,default,D,3,NA
16S-D-H11-L3,NA,default,D,3,NA
16S-D-A12-L3,NA,default,D,3,NA
16S-D-B12-L3,NA,default,D,3,NA
16S-D-C12-L3,NA,default,D,3,NA
16S-D-D12-L3,NA,default,D,3,NA
16S-D-E12-L3,NA,default,D,3,NA
16S-D-F12-L3,NA,default,D,3,NA
16S-D-G12-L3,NA,default,D,3,NA
16S-D-H12-L3,NA,default,D,3,NA
16S-D-A1-L4,COMMONS-plate2-,COMMONSlab,D,4,NA
16S-D-B1-L4,COMMONS-plate2-,COMMONSlab,D,4,NA
16S-D-C1-L4,COMMONS-plate2-,COMMONSlab,D,4,NA
16S-D-D1-L4,COMMONS-plate2-,COMMONSlab,D,4,NA
16S-D-E1-L4,COMMONS-plate2-,COMMONSlab,D,4,NA
16S-D-F1-L4,COMMONS-plate2-,COMMONSlab,D,4,NA
16S-D-G1-L4,COMMONS-plate2-,COMMONSlab,D,4,NA
16S-D-H1-L4,COMMONS-plate2-,COMMONSlab,D,4,NA
16S-D-A2-L4,COMMONS-plate2-,COMMONSlab,D,4,NA
16S-D-B2-L4,COMMONS-plate2-,COMMONSlab,D,4,NA
16S-D-C2-L4,COMMONS-plate2-,COMMONSlab,D,4,NA
16S-D-D2-L4,COMMONS-plate2-,COMMONSlab,D,4,NA
16S-D-E2-L4,COMMONS-plate2-,COMMONSlab,D,4,NA
16S-D-F2-L4,COMMONS-plate2-,COMMONSlab,D,4,NA
16S-D-G2-L4,COMMONS-plate2-,COMMONSlab,D,4,NA
16S-D-H2-L4,COMMONS-plate2-,COMMONSlab,D,4,NA
16S-D-A3-L4,COMMONS-plate2-,COMMONSlab,D,4,NA
16S-D-B3-L4,COMMONS-plate2-,COMMONSlab,D,4,NA
16S-D-C3-L4,COMMONS-plate2-,COMMONSlab,D,4,NA
16S-D-D3-L4,COMMONS-plate2-,COMMONSlab,D,4,NA
16S-D-E3-L4,COMMONS-plate2-,COMMONSlab,D,4,NA
16S-D-F3-L4,COMMONS-plate2-,COMMONSlab,D,4,NA
16S-D-G3-L4,COMMONS-plate2-,COMMONSlab,D,4,NA
16S-D-H3-L4,COMMONS-plate2-,COMMONSlab,D,4,NA
16S-D-A4-L4,COMMONS-plate2-,COMMONSlab,D,4,NA
16S-D-B4-L4,COMMONS-plate2-,COMMONSlab,D,4,NA
16S-D-C4-L4,COMMONS-plate2-,COMMONSlab,D,4,NA
16S-D-D4-L4,COMMONS-plate2-,COMMONSlab,D,4,NA
16S-D-E4-L4,COMMONS-plate2-,COMMONSlab,D,4,NA
16S-D-F4-L4,COMMONS-plate2-,COMMONSlab,D,4,NA
16S-D-G4-L4,COMMONS-plate2-,COMMONSlab,D,4,NA
16S-D-H4-L4,COMMONS-plate2-,COMMONSlab,D,4,NA
16S-D-A5-L4,COMMONS-plate2-,COMMONSlab,D,4,NA
16S-D-B5-L4,COMMONS-plate2-,COMMONSlab,D,4,NA
16S-D-C5-L4,COMMONS-plate2-,COMMONSlab,D,4,NA
16S-D-D5-L4,COMMONS-plate2-,COMMONSlab,D,4,NA
16S-D-E5-L4,COMMONS-plate2-,COMMONSlab,D,4,NA
16S-D-F5-L4,COMMONS-plate2-,COMMONSlab,D,4,NA
16S-D-G5-L4,COMMONS-plate2-,COMMONSlab,D,4,NA
16S-D-H5-L4,COMMONS-plate2-,COMMONSlab,D,4,NA
16S-D-A6-L4,COMMONS-plate2-,COMMONSlab,D,4,NA
16S-D-B6-L4,COMMONS-plate2-,COMMONSlab,D,4,NA
16S-D-C6-L4,COMMONS-plate2-,COMMONSlab,D,4,NA
16S-D-D6-L4,COMMONS-plate2-,COMMONSlab,D,4,NA
16S-D-E6-L4,COMMONS-plate2-,COMMONSlab,D,4,NA
16S-D-F6-L4,COMMONS-plate2-,COMMONSlab,D,4,NA
16S-D-G6-L4,COMMONS-plate2-,COMMONSlab,D,4,NA
16S-D-H6-L4,COMMONS-plate2-,COMMONSlab,D,4,NA
16S-D-A7-L4,COMMONS-plate2-,COMMONSlab,D,4,NA
16S-D-B7-L4,COMMONS-plate2-,COMMONSlab,D,4,NA
16S-D-C7-L4,COMMONS-plate2-,COMMONSlab,D,4,NA
16S-D-D7-L4,COMMONS-plate2-,COMMONSlab,D,4,NA
16S-D-E7-L4,COMMONS-plate2-,COMMONSlab,D,4,NA
16S-D-F7-L4,COMMONS-plate2-,COMMONSlab,D,4,NA
16S-D-G7-L4,COMMONS-plate2-,COMMONSlab,D,4,NA
16S-D-H7-L4,COMMONS-plate2-,COMMONSlab,D,4,NA
16S-D-A8-L4,COMMONS-plate2-,COMMONSlab,D,4,NA
16S-D-B8-L4,COMMONS-plate2-,COMMONSlab,D,4,NA
16S-D-C8-L4,COMMONS-plate2-,COMMONSlab,D,4,NA
16S-D-D8-L4,COMMONS-plate2-,COMMONSlab,D,4,NA
16S-D-E8-L4,COMMONS-plate2-,COMMONSlab,D,4,NA
16S-D-F8-L4,COMMONS-plate2-,COMMONSlab,D,4,NA
16S-D-G8-L4,COMMONS-plate2-,COMMONSlab,D,4,NA
16S-D-H8-L4,COMMONS-plate2-,COMMONSlab,D,4,NA
16S-D-A9-L4,COMMONS-plate2-,COMMONSlab,D,4,NA
16S-D-B9-L4,COMMONS-plate2-,COMMONSlab,D,4,NA
16S-D-C9-L4,COMMONS-plate2-,COMMONSlab,D,4,NA
16S-D-D9-L4,COMMONS-plate2-,COMMONSlab,D,4,NA
16S-D-E9-L4,COMMONS-plate2-,COMMONSlab,D,4,NA
16S-D-F9-L4,COMMONS-plate2-,COMMONSlab,D,4,NA
16S-D-G9-L4,COMMONS-plate2-,COMMONSlab,D,4,NA
16S-D-H9-L4,COMMONS-plate2-,COMMONSlab,D,4,NA
16S-D-A10-L4,COMMONS-plate2-,COMMONSlab,D,4,NA
16S-D-B10-L4,COMMONS-plate2-,COMMONSlab,D,4,NA
16S-D-C10-L4,COMMONS-plate2-,COMMONSlab,D,4,NA
16S-D-D10-L4,COMMONS-plate2-,COMMONSlab,D,4,NA
16S-D-E10-L4,COMMONS-plate2-,COMMONSlab,D,4,NA
16S-D-F10-L4,COMMONS-plate2-,COMMONSlab,D,4,NA
16S-D-G10-L4,COMMONS-plate2-,COMMONSlab,D,4,NA
16S-D-H10-L4,COMMONS-plate2-,COMMONSlab,D,4,NA
16S-D-A11-L4,COMMONS-plate2-,COMMONSlab,D,4,NA
16S-D-B11-L4,COMMONS-plate2-,COMMONSlab,D,4,NA
16S-D-C11-L4,COMMONS-plate2-,COMMONSlab,D,4,NA
16S-D-D11-L4,COMMONS-plate2-,COMMONSlab,D,4,NA
16S-D-E11-L4,COMMONS-plate2-,COMMONSlab,D,4,NA
16S-D-F11-L4,COMMONS-plate2-,COMMONSlab,D,4,NA
16S-D-G11-L4,COMMONS-plate2-,COMMONSlab,D,4,NA
16S-D-H11-L4,COMMONS-plate2-,COMMONSlab,D,4,NA
16S-D-A12-L4,COMMONS-plate2-,COMMONSlab,D,4,NA
16S-D-B12-L4,COMMONS-plate2-,COMMONSlab,D,4,NA
16S-D-C12-L4,COMMONS-plate2-,COMMONSlab,D,4,NA
16S-D-D12-L4,COMMONS-plate2-,COMMONSlab,D,4,NA
16S-D-E12-L4,COMMONS-plate2-,COMMONSlab,D,4,NA
16S-D-F12-L4,COMMONS-plate2-,COMMONSlab,D,4,NA
16S-D-G12-L4,COMMONS-plate2-,COMMONSlab,D,4,NA
16S-D-H12-L4,COMMONS-plate2-,COMMONSlab,D,4,NA
16S-D-A1-L5,NA,default,D,5,NA
16S-D-B1-L5,NA,default,D,5,NA
16S-D-C1-L5,NA,default,D,5,NA
16S-D-D1-L5,NA,default,D,5,NA
16S-D-E1-L5,NA,default,D,5,NA
16S-D-F1-L5,NA,default,D,5,NA
16S-D-G1-L5,NA,default,D,5,NA
16S-D-H1-L5,NA,default,D,5,NA
16S-D-A2-L5,NA,default,D,5,NA
16S-D-B2-L5,NA,default,D,5,NA
16S-D-C2-L5,NA,default,D,5,NA
16S-D-D2-L5,NA,default,D,5,NA
16S-D-E2-L5,NA,default,D,5,NA
16S-D-F2-L5,NA,default,D,5,NA
16S-D-G2-L5,NA,default,D,5,NA
16S-D-H2-L5,NA,default,D,5,NA
16S-D-A3-L5,NA,default,D,5,NA
16S-D-B3-L5,NA,default,D,5,NA
16S-D-C3-L5,NA,default,D,5,NA
16S-D-D3-L5,NA,default,D,5,NA
16S-D-E3-L5,NA,default,D,5,NA
16S-D-F3-L5,NA,default,D,5,NA
16S-D-G3-L5,NA,default,D,5,NA
16S-D-H3-L5,NA,default,D,5,NA
16S-D-A4-L5,NA,default,D,5,NA
16S-D-B4-L5,NA,default,D,5,NA
16S-D-C4-L5,NA,default,D,5,NA
16S-D-D4-L5,NA,default,D,5,NA
16S-D-E4-L5,NA,default,D,5,NA
16S-D-F4-L5,NA,default,D,5,NA
16S-D-G4-L5,NA,default,D,5,NA
16S-D-H4-L5,NA,default,D,5,NA
16S-D-A5-L5,NA,default,D,5,NA
16S-D-B5-L5,NA,default,D,5,NA
16S-D-C5-L5,NA,default,D,5,NA
16S-D-D5-L5,NA,default,D,5,NA
16S-D-E5-L5,NA,default,D,5,NA
16S-D-F5-L5,NA,default,D,5,NA
16S-D-G5-L5,NA,default,D,5,NA
16S-D-H5-L5,NA,default,D,5,NA
16S-D-A6-L5,NA,default,D,5,NA
16S-D-B6-L5,NA,default,D,5,NA
16S-D-C6-L5,NA,default,D,5,NA
16S-D-D6-L5,NA,default,D,5,NA
16S-D-E6-L5,NA,default,D,5,NA
16S-D-F6-L5,NA,default,D,5,NA
16S-D-G6-L5,NA,default,D,5,NA
16S-D-H6-L5,NA,default,D,5,NA
16S-D-A7-L5,NA,default,D,5,NA
16S-D-B7-L5,NA,default,D,5,NA
16S-D-C7-L5,NA,default,D,5,NA
16S-D-D7-L5,NA,default,D,5,NA
16S-D-E7-L5,NA,default,D,5,NA
16S-D-F7-L5,NA,default,D,5,NA
16S-D-G7-L5,NA,default,D,5,NA
16S-D-H7-L5,NA,default,D,5,NA
16S-D-A8-L5,NA,default,D,5,NA
16S-D-B8-L5,NA,default,D,5,NA
16S-D-C8-L5,NA,default,D,5,NA
16S-D-D8-L5,NA,default,D,5,NA
16S-D-E8-L5,NA,default,D,5,NA
16S-D-F8-L5,NA,default,D,5,NA
16S-D-G8-L5,NA,default,D,5,NA
16S-D-H8-L5,NA,default,D,5,NA
16S-D-A9-L5,NA,default,D,5,NA
16S-D-B9-L5,NA,default,D,5,NA
16S-D-C9-L5,NA,default,D,5,NA
16S-D-D9-L5,NA,default,D,5,NA
16S-D-E9-L5,NA,default,D,5,NA
16S-D-F9-L5,NA,default,D,5,NA
16S-D-G9-L5,NA,default,D,5,NA
16S-D-H9-L5,NA,default,D,5,NA
16S-D-A10-L5,NA,default,D,5,NA
16S-D-B10-L5,NA,default,D,5,NA
16S-D-C10-L5,NA,default,D,5,NA
16S-D-D10-L5,NA,default,D,5,NA
16S-D-E10-L5,NA,default,D,5,NA
16S-D-F10-L5,NA,default,D,5,NA
16S-D-G10-L5,NA,default,D,5,NA
16S-D-H10-L5,NA,default,D,5,NA
16S-D-A11-L5,NA,default,D,5,NA
16S-D-B11-L5,NA,default,D,5,NA
16S-D-C11-L5,NA,default,D,5,NA
16S-D-D11-L5,NA,default,D,5,NA
16S-D-E11-L5,NA,default,D,5,NA
16S-D-F11-L5,NA,default,D,5,NA
16S-D-G11-L5,NA,default,D,5,NA
16S-D-H11-L5,NA,default,D,5,NA
16S-D-A12-L5,NA,default,D,5,NA
16S-D-B12-L5,NA,default,D,5,NA
16S-D-C12-L5,NA,default,D,5,NA
16S-D-D12-L5,NA,default,D,5,NA
16S-D-E12-L5,NA,default,D,5,NA
16S-D-F12-L5,NA,default,D,5,NA
16S-D-G12-L5,NA,default,D,5,NA
16S-D-H12-L5,NA,default,D,5,NA
16S-D-A1-L6,NA,default,D,6,NA
16S-D-B1-L6,NA,default,D,6,NA
16S-D-C1-L6,NA,default,D,6,NA
16S-D-D1-L6,NA,default,D,6,NA
16S-D-E1-L6,NA,default,D,6,NA
16S-D-F1-L6,NA,default,D,6,NA
16S-D-G1-L6,NA,default,D,6,NA
16S-D-H1-L6,NA,default,D,6,NA
16S-D-A2-L6,NA,default,D,6,NA
16S-D-B2-L6,NA,default,D,6,NA
16S-D-C2-L6,NA,default,D,6,NA
16S-D-D2-L6,NA,default,D,6,NA
16S-D-E2-L6,NA,default,D,6,NA
16S-D-F2-L6,NA,default,D,6,NA
16S-D-G2-L6,NA,default,D,6,NA
16S-D-H2-L6,NA,default,D,6,NA
16S-D-A3-L6,NA,default,D,6,NA
16S-D-B3-L6,NA,default,D,6,NA
16S-D-C3-L6,NA,default,D,6,NA
16S-D-D3-L6,NA,default,D,6,NA
16S-D-E3-L6,NA,default,D,6,NA
16S-D-F3-L6,NA,default,D,6,NA
16S-D-G3-L6,NA,default,D,6,NA
16S-D-H3-L6,NA,default,D,6,NA
16S-D-A4-L6,NA,default,D,6,NA
16S-D-B4-L6,NA,default,D,6,NA
16S-D-C4-L6,NA,default,D,6,NA
16S-D-D4-L6,NA,default,D,6,NA
16S-D-E4-L6,NA,default,D,6,NA
16S-D-F4-L6,NA,default,D,6,NA
16S-D-G4-L6,NA,default,D,6,NA
16S-D-H4-L6,NA,default,D,6,NA
16S-D-A5-L6,NA,default,D,6,NA
16S-D-B5-L6,NA,default,D,6,NA
16S-D-C5-L6,NA,default,D,6,NA
16S-D-D5-L6,NA,default,D,6,NA
16S-D-E5-L6,NA,default,D,6,NA
16S-D-F5-L6,NA,default,D,6,NA
16S-D-G5-L6,NA,default,D,6,NA
16S-D-H5-L6,NA,default,D,6,NA
16S-D-A6-L6,NA,default,D,6,NA
16S-D-B6-L6,NA,default,D,6,NA
16S-D-C6-L6,NA,default,D,6,NA
16S-D-D6-L6,NA,default,D,6,NA
16S-D-E6-L6,NA,default,D,6,NA
16S-D-F6-L6,NA,default,D,6,NA
16S-D-G6-L6,NA,default,D,6,NA
16S-D-H6-L6,NA,default,D,6,NA
16S-D-A7-L6,NA,default,D,6,NA
16S-D-B7-L6,NA,default,D,6,NA
16S-D-C7-L6,NA,default,D,6,NA
16S-D-D7-L6,NA,default,D,6,NA
16S-D-E7-L6,NA,default,D,6,NA
16S-D-F7-L6,NA,default,D,6,NA
16S-D-G7-L6,NA,default,D,6,NA
16S-D-H7-L6,NA,default,D,6,NA
16S-D-A8-L6,NA,default,D,6,NA
16S-D-B8-L6,NA,default,D,6,NA
16S-D-C8-L6,NA,default,D,6,NA
16S-D-D8-L6,NA,default,D,6,NA
16S-D-E8-L6,NA,default,D,6,NA
16S-D-F8-L6,NA,default,D,6,NA
16S-D-G8-L6,NA,default,D,6,NA
16S-D-H8-L6,NA,default,D,6,NA
16S-D-A9-L6,NA,default,D,6,NA
16S-D-B9-L6,NA,default,D,6,NA
16S-D-C9-L6,NA,default,D,6,NA
16S-D-D9-L6,NA,default,D,6,NA
16S-D-E9-L6,NA,default,D,6,NA
16S-D-F9-L6,NA,default,D,6,NA
16S-D-G9-L6,NA,default,D,6,NA
16S-D-H9-L6,NA,default,D,6,NA
16S-D-A10-L6,NA,default,D,6,NA
16S-D-B10-L6,NA,default,D,6,NA
16S-D-C10-L6,NA,default,D,6,NA
16S-D-D10-L6,NA,default,D,6,NA
16S-D-E10-L6,NA,default,D,6,NA
16S-D-F10-L6,NA,default,D,6,NA
16S-D-G10-L6,NA,default,D,6,NA
16S-D-H10-L6,NA,default,D,6,NA
16S-D-A11-L6,NA,default,D,6,NA
16S-D-B11-L6,NA,default,D,6,NA
16S-D-C11-L6,NA,default,D,6,NA
16S-D-D11-L6,NA,default,D,6,NA
16S-D-E11-L6,NA,default,D,6,NA
16S-D-F11-L6,NA,default,D,6,NA
16S-D-G11-L6,NA,default,D,6,NA
16S-D-H11-L6,NA,default,D,6,NA
16S-D-A12-L6,NA,default,D,6,NA
16S-D-B12-L6,NA,default,D,6,NA
16S-D-C12-L6,NA,default,D,6,NA
16S-D-D12-L6,NA,default,D,6,NA
16S-D-E12-L6,NA,default,D,6,NA
16S-D-F12-L6,NA,default,D,6,NA
16S-D-G12-L6,NA,default,D,6,NA
16S-D-H12-L6,NA,default,D,6,NA
16S-D-A1-L7,NA,default,D,7,NA
16S-D-B1-L7,NA,default,D,7,NA
16S-D-C1-L7,NA,default,D,7,NA
16S-D-D1-L7,NA,default,D,7,NA
16S-D-E1-L7,NA,default,D,7,NA
16S-D-F1-L7,NA,default,D,7,NA
16S-D-G1-L7,NA,default,D,7,NA
16S-D-H1-L7,NA,default,D,7,NA
16S-D-A2-L7,NA,default,D,7,NA
16S-D-B2-L7,NA,default,D,7,NA
16S-D-C2-L7,NA,default,D,7,NA
16S-D-D2-L7,NA,default,D,7,NA
16S-D-E2-L7,NA,default,D,7,NA
16S-D-F2-L7,NA,default,D,7,NA
16S-D-G2-L7,NA,default,D,7,NA
16S-D-H2-L7,NA,default,D,7,NA
16S-D-A3-L7,NA,default,D,7,NA
16S-D-B3-L7,NA,default,D,7,NA
16S-D-C3-L7,NA,default,D,7,NA
16S-D-D3-L7,NA,default,D,7,NA
16S-D-E3-L7,NA,default,D,7,NA
16S-D-F3-L7,NA,default,D,7,NA
16S-D-G3-L7,NA,default,D,7,NA
16S-D-H3-L7,NA,default,D,7,NA
16S-D-A4-L7,NA,default,D,7,NA
16S-D-B4-L7,NA,default,D,7,NA
16S-D-C4-L7,NA,default,D,7,NA
16S-D-D4-L7,NA,default,D,7,NA
16S-D-E4-L7,NA,default,D,7,NA
16S-D-F4-L7,NA,default,D,7,NA
16S-D-G4-L7,NA,default,D,7,NA
16S-D-H4-L7,NA,default,D,7,NA
16S-D-A5-L7,NA,default,D,7,NA
16S-D-B5-L7,NA,default,D,7,NA
16S-D-C5-L7,NA,default,D,7,NA
16S-D-D5-L7,NA,default,D,7,NA
16S-D-E5-L7,NA,default,D,7,NA
16S-D-F5-L7,NA,default,D,7,NA
16S-D-G5-L7,NA,default,D,7,NA
16S-D-H5-L7,NA,default,D,7,NA
16S-D-A6-L7,NA,default,D,7,NA
16S-D-B6-L7,NA,default,D,7,NA
16S-D-C6-L7,NA,default,D,7,NA
16S-D-D6-L7,NA,default,D,7,NA
16S-D-E6-L7,NA,default,D,7,NA
16S-D-F6-L7,NA,default,D,7,NA
16S-D-G6-L7,NA,default,D,7,NA
16S-D-H6-L7,NA,default,D,7,NA
16S-D-A7-L7,NA,default,D,7,NA
16S-D-B7-L7,NA,default,D,7,NA
16S-D-C7-L7,NA,default,D,7,NA
16S-D-D7-L7,NA,default,D,7,NA
16S-D-E7-L7,NA,default,D,7,NA
16S-D-F7-L7,NA,default,D,7,NA
16S-D-G7-L7,NA,default,D,7,NA
16S-D-H7-L7,NA,default,D,7,NA
16S-D-A8-L7,NA,default,D,7,NA
16S-D-B8-L7,NA,default,D,7,NA
16S-D-C8-L7,NA,default,D,7,NA
16S-D-D8-L7,NA,default,D,7,NA
16S-D-E8-L7,NA,default,D,7,NA
16S-D-F8-L7,NA,default,D,7,NA
16S-D-G8-L7,NA,default,D,7,NA
16S-D-H8-L7,NA,default,D,7,NA
16S-D-A9-L7,NA,default,D,7,NA
16S-D-B9-L7,NA,default,D,7,NA
16S-D-C9-L7,NA,default,D,7,NA
16S-D-D9-L7,NA,default,D,7,NA
16S-D-E9-L7,NA,default,D,7,NA
16S-D-F9-L7,NA,default,D,7,NA
16S-D-G9-L7,NA,default,D,7,NA
16S-D-H9-L7,NA,default,D,7,NA
16S-D-A10-L7,NA,default,D,7,NA
16S-D-B10-L7,NA,default,D,7,NA
16S-D-C10-L7,NA,default,D,7,NA
16S-D-D10-L7,NA,default,D,7,NA
16S-D-E10-L7,NA,default,D,7,NA
16S-D-F10-L7,NA,default,D,7,NA
16S-D-G10-L7,NA,default,D,7,NA
16S-D-H10-L7,NA,default,D,7,NA
16S-D-A11-L7,NA,default,D,7,NA
16S-D-B11-L7,NA,default,D,7,NA
16S-D-C11-L7,NA,default,D,7,NA
16S-D-D11-L7,NA,default,D,7,NA
16S-D-E11-L7,NA,default,D,7,NA
16S-D-F11-L7,NA,default,D,7,NA
16S-D-G11-L7,NA,default,D,7,NA
16S-D-H11-L7,NA,default,D,7,NA
16S-D-A12-L7,NA,default,D,7,NA
16S-D-B12-L7,NA,default,D,7,NA
16S-D-C12-L7,NA,default,D,7,NA
16S-D-D12-L7,NA,default,D,7,NA
16S-D-E12-L7,NA,default,D,7,NA
16S-D-F12-L7,NA,default,D,7,NA
16S-D-G12-L7,NA,default,D,7,NA
16S-D-H12-L7,NA,default,D,7,NA